	SRR26406384	SRR26406385	SRR26406386	SRR26406387	SRR26406467
GTAAGTTCTGGCCAACCTCCAACACAACACATCGTCCAAGTTCACAAGGCAAGGTGTTCTCAACCAAGCTTGTTTTCTTTTGATATCATCAGGCACCTACCGATTGAAATGTCCGGTGAACGTAAGTAATTCTTGAGCTACTTCCAACTTTTACCATCTCAATCAATGACAGCTTCTGACCTTATCCAATCCTCTTCTTGCTTGCTGCTCCAGTGTCGGGATTGTGACGTGTTCCTTTATTGGGATGCGACGCAAGAACTTCTGTAAACCTTATATTTTAGAGGAAGGTGAAGTCGTAACAAGGTTTCC	39	0	197	3	0
GCTACTACCGATCGGATGGTTTAGTGAGGTCCTCGGATCGGTCCCGGCGGAAGGCGGGTGTCGGTCGGTCGTCGACTGCGGTGGCGCACTGCGTGACGGGCTTCTGCCTTCTGGCGTTGTGGAGGTTTCGGGTCTCTCGGGGCGTTGGGTGAACCCAACTTATTTATCCCGCGTTTCGGTTGCCCGTCCTCTCTCCGTCCTAAACGGCAGGGTCCTCTGTAGTCCCCCCGTTTCGCGGCCAATACGTCCGCCCCGTCCGAGTTCGGGTTTCAACCGAGAAGACGATCGAACTTGATCATCTAGAGGAAGTAAAAGTCGTAACAAGGTTTCC	0	0	196	0	0
GCTACTACCGATTGAATGGATTAGTGAGCTTCAAGGATCGGTGGCTCGGTGGTTCTCCACCTTGCTTTCGAGAATTGAATCAAACTTGCTCATTTAGAGGAAGTAAAAGTCGTAACAAGGTCTTCGTAGAGCACACACCCGCGAAGAACAGCTGCACTCGACAGCAGCTAGTCCAGCAGTCAACTACACGCTGCTGGGCAACATTTCCCCATTGCGAGAAACTCCTAATGGCCGTGCAGTACCCGCTGTGATGATGACACGCACAGCGGGTGATAGTCTGCCAGCGCATGCAACAATGGACAACCCGCAGCTGCCGCGTACTCGATATGCGATAGTTCAACGACTAGATGGAAGTGGCGGAGAGCTCCAGTGCTCCCGCTGAGATATAGTCTAGTAGAGTGCTCCGGATAGACCGGATGCCATCCTAATTCTC	74	0	0	0	0
GCACCTACCGATTGAGTGTTCCGGTGAGGCCTCGGGATTGTAGTGAGCTTCCTTCATTGGAGACTCACCGCGAGAACTTGTCCGAACCTTATCACTTAGAGGAAGGTGAAGTCGTAACAAGGTTTCCGTAGGTAAGTCAAACAAGCAGATACAATGCACAATCACATATACACACAGACATACATACATATGAAGTTCAATCAACTCACCTATCTCTCTCTATTTCTCTCTCTCAACCTTGTAGGTGAACCTGCAGAAGGATCA	0	0	0	0	65
GTTGCTACCGATTGGTTGCAAAATAGAGGAGAATCCTCTTAGCTTACTGTTAAGAAACGAACTAGAGTAACAACTCTAGCCCTTGAACAACAAGGGATTAACGATTCTGAGTGCTGATTTCAAGTGAAATCTAGACTGAATCTGCATAAACAAGCCTGGATTAAGGACATACTGGTTCAAGCTCTGCTTCGTTCCGTGTGTGAAATTTATCCAATATTTTGCTACTAGAGGAAGCAAAAGTCGTAACAAGGTTGCTGTAGGTGA	43	0	0	0	0
GTTGCTACCGATTGGCTGTGATTTAGAGGTGTTGGGATTCGTCTCTGCCGGCTCTGCCGTTCAGATGGTGAAAAACTTCTCCGATAAATCACTGCACAGCAGTGAATGTTTAACAATAATGATCAAAGTGGCAGTTCAAACTGTCAGCCTGGATCTTCTAGGTTCAACGACTCTACATTCATCCGGTGTTTGTACCGGAAGGAAGAGTCTGAGCTGAAGCTATGCTAGAGGAAGCAAAAGTCGTAACAAGGTTGCTGTAGGTGA	33	0	0	0	0
TTTATCCACCATTGAGTTCTATTCAAGCTCATTCAGGGGGTTCAGTTGATTTAGCTATATTTAGTCTTCATGTTTCTGGTGTTTCTTCATTATTGGGGGCGATAAACTTTATATGTACTGTTTTTAATATGCGAGTACCAGGTTTGTATATGCATAGACTTCCATTATTCGTATGAGCTGTTTTGATAACTGCTTTTTTATTGCTTTTATCTTTACCTGTTTTGGCTGGAGGTATAACTATGCTTTTAACTGACCGAAACTTTAACACTACTTTTTTTGATTCTGCTGGTGGTGGTGATCCTATATTATATCAACATTTATTTTG	0	0	0	33	0
GCTCCTACCGATTGAGTGATCCGGTGAAATCTTCGGATGATGGCTCACAACTGTTCTTCACGGGGCAGTAGGGTCAACAGAAGTTGATTAAACCTTATCATTTAGAGGAAGGAGAAGTCGTAACAAGGTTTCCGTAAAATTTTTTTAATTTTTTTAAATTTTTTTATTTTTAAAAACAAATATACTAACTTTCTTTCATTTTTTAGGTAGGTAAAAATAACTTTTTATTTAATTTTTTATACTATTTTGTTCAAAGAACATTGTTCACTTTCTCAAAATATTGTTCAATTTACTAACTCATTTTTTTTTTCGCTTAA	27	0	0	0	0
GATGTTCTCGCCGAACGTGTGATCCTCGTCACCGGAGCCGGCGACGGTATCGGTAAAGCCGTGTCGCTGGCATTCGCCGCTCACGGCGCCACCGTGATACTTCTCGGGCGCACTACGCCCAAGCTCGAATCCGTGTACGACGACATCGTGACCGCCGGCGGGGCCAAGCCTGCGATTTACCCCTTGGACCTGGAAGGCGCGGTTCCCGACGACCACCGGCAACTGGCGGAACGCGTAGAGTCCGAGCTCGGGCGTCTCGACGGCCTGCTGCACAACGCAAGCCTGCTCGGCTCGCTGACACCTATCAAGCACTATGATCCAATCGAATGGCTGCGCGTCAT	25	0	0	0	0
GCACCTATCGATTGCTCGCTTGAATGAAATTTCGGGATTTTTGGTTTATACGGGCAACCGTCTTTATTGAAAAGAACTTGCTTGAATTCAAATGTGTAGAGAAAGGTGAAGTCGGTGAGTTAGTTTTGTAACCACTGTTCTAAAGCTACTGTTTGATTTGATCCGTTTGTTCCGTTTGGATTGGCTGGCCGCCGCAAGGCTCCAGCTAACCTAAAATGAACTTAACAGTATTCATACGAGACGGGCAGAATAAGTAACCATCATTTAAAACCATAGCAAAATCTAACCCAATTAATAACAGTAACAAGGTCGCT	22	0	0	0	0
GCACCTACCGATTGAGTGTTCCGGTGAGGCCTCGGGATTGTAGTGAGCTTCCTTCATTGGAGACTCACCGCGAGAACTTGTCCGAACCTTATCACTTAGAGGAAGGTGAAGTCGTAACAAGGTTTCCGTAGGTAAGTCAAACAAGCAGATACAATGCACAATCACATATACTACACACAGACATATACATACATATGAAGTTCAATCAACTCACCTATCTCTCTCTATTTCTCTCTCTCAACCTTGTAGGTGAACCTGCAGAAG	0	0	0	22	0
GTTGCTACCGATTGGTTGCAAAATAGAGGAGAATCCTCTTAGCTTACTGTTAAGAAACGAACTAGAGTAACAACTCTAGCCCTTGAACAACAAGGGATTAACAATTCTGAGTGCTGATTTCAAGTGAAATCTAGACTGAATCTGCAGAAACAAGCAAGGATTAAGGACATACTGGTGCAAGCTCTGCTTCGTTCTGTGTGTGAAATATATCCAATATTTTGCTACTAGAGGAAGCAAAAGTTGTAACAAGGTTGCTGTAGGTGA	20	0	0	0	0
GTGACCCGTCGAATCCCAACCTGGTCAGCCGCAGCCTTCAGCCCGGCGACGTGCCGGCCTGCGTGCTGTTCCGGTCCAACACCCAGGCCGTCGGCGAAGCCTCCGAGGCCCATCCGCTGCTGAGAACCATCCCCGCCGTCGATCCCTCGCCGACCGGCTCGGACTTCGGTTCGGCCGGACATGGCCAGGAGTACTTCGAGGACGCCGTCAAGCAGCGAAGCAGCCTGGCCAACCACTACCTCGAACTCTGGAACAACCAGAAACTCGATCTCTTCGACCGTGACGCCCGCATGTCTCGCTTCGGCGACCTGTGGCGGATCGCCACACGAGGCCAACTCGATCGCCTGCTCAACCGGGATTACCCGCTGAGCAACCTCCCCTTCCAGATCCGGCGGATGATCGGCGGGACGCATCCGGATCGGATGAAACAGATGCAGCGGGACGAGGGGCGTTGGCG	0	0	0	0	20
GATGTTCTCGCCGAACGTGTGATCCTCGTCACCGGAGCCGGCGACGGTATCGGTAAAGCCGTGTCGCTGGCATTCGCCGCCCACGGCGCCACTGTGATACTTCTCGGGCGCACTACGCCCAAGCTCGAATCCGTGTACGACGACATCGTGGCCGCCGGCGGGGCCAAGCCTGCGATTTACCCCCTGGATCTGGAAGGCGCGGTTCCCGACGACCACCGGCAACTGGCGGAACGCGTAGAGTCCGAGCTCGGGCGTCTCGACGGCCTGCTGCACAACGCAAGCCTGCTCGGCTCGCTGACACCTATCAAGCACTATGATCCAATCGAATGGCTGCGCGTCAT	19	0	0	0	0
GTTGCTACCGATTGGTTCTCAAATAGAGAACTCGGGACAGGCGCTTCCAAGCTCTGCTTCGGATGTCGCCTGAAACTTGTTCAATATTTTAGAACTAGAGGAAGCAAAAGTCGTAACAAGGTTGCTGTAGGAACATCACCTACACACGATATTGTACACTGCTCAAATAGCCATCGTAATGGCTGCCAAACTTGTTTGGTTCAACGACCTTAAGTTCAAACATTCCACCGAATGTCAGACAAGGTCTCCACACCCCCAGGTAGG	19	0	0	0	0
GTTGCTACCGATTGGCTGTTTATTTCACAGCCATAACTCAGTTATTATAAACAGGCAAATTGCGGTGAAAACCGCAGCAGTCCATTGACTGTTCAACGACTTTACGCCTGTTGCTAAGATCAGCTAAGATAAAGTCTCCAATCATAAGGATAAGTCAGGTGAAATAGAGGATTTAGGAGAACCGGTAGCGGCTCCGGCCGTCTACATGGCTTCAAATTTGTCCGATATTTTACTGCTAGAGGAAGCAAAAGTCGTAACAAGGTTGCT	18	0	0	0	0
ATGAAATCGTATTGGTCGATTCCATCGATGATCCGGTCCGTCGGCACAGTGGCCCCGGCGATATGCGCCAGCGTGGGCAGAAGATCCGTGGTGTGCATGATCTCGTTGTGGACCTGACCGGGGTCGATCTGGGCCGGCCACCTAATGATGAACGGCGTCCGCAGGGAACCCTCGAGGGCCGTGAAATACGTACCCCGCCATGGTCCAGCTGTACCGTTGTAGGGAAATATCTCCTCCGGGCCATTCTCGCTCATCCAGATCACGATCGTGTTGTCACGGACACCTAACCGGTCGATGGCATCCAGTACCTGACCCGCCCGTGCGTCGACCTCTGTGAGTACATCAGCGAAGTGGCCGTTGCCTGTGTTCCCGTCGAAGTCGGGGTGCGGCAGTGTGG	0	0	18	0	0
GCACCTACCGATTGAGTGTTCCGGTGAGGCCTCGGGATTGTAGTGAGCTTCCTTTATTGGAAACTCACCGCGAGAACTTGTCCGAACCTTATCACTTAGAGGAAGGTGAAGTCGTAACAAGGTTTCCGTAGGTAAGCAATAACTAGTAGTCTGCATAGACAGATGATACACAAATGTACCCAATTCTCCCTTTCTCTTTATGTCAAATTCCTAACAAAAATATCTTCGACCTCCCACTCTCTACCACCAATTTTGTAGGTGAAC	0	0	0	17	0
GCACCTACCGATTGAGTGTTCCGGTGAGGCCTCGGGATTGTAGTGAGCTTCCTTCATTGGAGACTCACCGCGAGAACTTGTCCGAACCTTATCACTTAGAGGAAGGTGAAGTCGTAACAAGGTTTCCGTAGGTAAGTCAAACAAGCAGATACAATGCACAATCACATATACACACAGACATACATACATATGAAGTTCAATCAACTCACCTATCTCTCTCTATCTCTCTCTCTCAACCTTGTAGGTGAACCTGCAGAAGGATCA	0	0	0	0	17
GTTGCTACTGATTGGCTGTAGGGTAGACTCCGCGCACAGACATCCCTTGTAGTTTGTCTGCGCGCGGAGGCGGACCCGCTCCGCCTGCCAGCGGGGTCGGAAATCCGGGAAATATTTCCGAGGGATTTTCCGAGCAATCCCTCGAATATTTCCGAGAAAGCGTCCGAGAAAATCCCCGAAAATCTATCCGAAAAAGTCCTCGGGAAATTCCTCGGGATATGTTCTCGAAAATGATTTTCCGGATTTTCGGCCTGCGGATCTCGAGCAGTTGGGGCGACTCTTCTGTTTGGGAGAAACCGATCAATATTCTGCAGCTAGAAGAAGTAAAAGTCGTAACAAGGTTGCT	16	0	0	0	0
GTTGCTACCGATTGGCTGTGATTTAGAGGTGTTGGGATTCGTCTCTGCCGGCTCTGCCGTGCAGATGGTGGAGAACTTCTCCGATAAATCACTGCTAGAGGAAGCAAAAGTCGTAACAAGGTTGCTGTAGCAGAGTCCTACAACGTTAAACAAAACACTGCAACAAAGTCTTGCTTAGGCAAGAGCCACCTCAGGTGGTCCAACGACTCAACGTTGCCTGGTTCCCTGGAGCCAAAGACAGAGTCTCTTATCAATGATCAGGTG	15	0	0	0	0
GCTCCTACCGATTGAATAATCCGGTGAGATCTTCGGATCGCGAGTTTCTCACTGCTGGTTCTGCTGGCAGTGGTGCTTGCGAAAAGTTGCTCGAACCTTATTATTTAGAGGAAGGAGAAGTCGTAAGCTGTCTCAACTCATTATTCTGTATTTCCCTTCTTTCTCCTCCTCTTGTTCCTCTCTTATGGTGGCACAATTTGTGTGTTTATAGTCCCTATCTTACTTACTCACTCCTCTCTCTCTTAGGTAACAAGGTTTCCGTAG	14	0	0	0	0
GCTCTTACCGATGGACTTCTCTGTGAGTCTTAGGGACTTGCTTTAAGAAATTTTTATACATACACACATATATTCACACACAAAATAAATATTGAAAAAAAATAAAATCAATTCACACACAAACACACACACATATAACAAACAAAACACTTGTTGTTGTTGTTGTTGTTGTTGTATTTTTTTTTCAAGTTTGTATTTAAATTTTTGCAGGAAACTAAGACGAACAGGGTGGTCTAAAGGAAAGAGAAGTCGTAACAAGGCATCT	0	0	0	14	0
ACATCACGGAAGTCGGTAACGCCCGAAGTCAGTGGCCCAACCATTCATTTGGAGGGAACTGCCGAAGGCGGGATTGGTGACTGGGATGAAGTCGTAACAAGGTAGCCGTACGGGAACGTGCGGCTGGATCACCTCCTTTCTAAGGAGCGCTCTGGGCCATCACGATGGTCCAACGAATCGCACACCCGCCGGAAGGGCACCATCGGTGTCTCGAAGGTCGGGCCGGCGATTCAGAGCTTCTAGTGGATATGCTGGTTATTCGGTCTTTTCG	13	0	0	0	0
GTTGCTTAGTTGCGACACAATAAGAGTTATCGATCTGAAAAACAACCCAACTGCAAATAATGCCTATTGGTCTCTTTGCAGCACTCTGAGGAGTGTCCAGAGACTGTATGGTTGTTGGCAGCATTGCATGAGACACAGTCCCCTCAACAATGAGGGTGCTACCGATTGGTTGTAAAATAGAGGCCTCAATCCTGGGGCCATTGATTATTCAAGTTTGTTTTCTACACACATAAAATACCAGGACGTCAATATGATAACTGGTAGCCTTGTAAAAGGTTCAATGACTGAATATGTGTGCTAACACTGTTTGTAAGACACCGTCTTTCCACATTCAATGTGGGCAGGAGATGAGTGCGAAGACCGAAAGGTTCGACCACACGTCGAATTTGGTCAATATTTCACTGCTAGAGGAAGCCAAAGCCGTAACAAGGTTGCT	13	0	0	0	0
GCACCTACCGATTGAGTGTTCCGGTGAGGCCTCGGGATTGTAGTGAGCTTCCTTCATTGGAGACTCACCGCGAGAACTTGTCCGAACCTTATCACTTAGAGGAAGGTGAAGTCGTAACAAGGTTTCCGTAGGTAAGTCAAACAAGCAGATACAATGCACAATCACATATACACACAGACATACATACATATGAAGTTCAATCAACTCACCTGTCTCTCTCTATTTCTCTCTCTCAACCTTGTAGGTGAACCTGCAGAAGGATCA	0	0	0	0	13
GCACCTACCGATTGATCGATCCGGTGAAGCCTCGGGATTGTGAGGAGTTTCCTTTATTGGGAGTTTTTCGCGAGAACTTGTCTGAACCTTATCGATTAGAGGAAGGTGAAGTCGTAACAAGGTTTCCGTAGGTATGTTGAGATACTGTGACCCTATTGGTCCTGATCTATCACCGCAACCTGTCACTACAAAGACCGCTCTATTTCTATCCTTTGAATGCATTCTCTGACTATATTCTTCCTGTTGTATTGTATTATAGGTGAA	12	0	0	0	0
GTTGCTACCGATGGCTGTCAAATAGAGGTCTTGGGAGATGCTTGTCAAAGCGTTAGCTGCGACAGTGCGTCAAATTTGTCCAATATTTAACTGCTAGAGGATCGTTGCTTCCTCTACAATACATTTAGTATTCAGTGCAAGATGTTCGAATTGCGGGTATGCGTAAGCTTCCCGCAGCCCATACTGGGTTCAACGACTAAGTGAACATCCAATGTAAGACAACATTGTTTGATATAGTCTATCTCTGGTCTTTAGAGGAAGCAAAAGTCGTAACAAGGTTGCT	12	0	0	0	0
GTTGCTACCGATTGTTCAAGGCTGTAGAGTTACTAAGACTGGCGCTCATCGGTTTACTGCACGAGCATCGGGAATGGCCGCAATGTTACACTGGAAATTATATTAAGAACCCCCCCTTAGTAAGAACCCCGTACACTGGAAATTATATTAAGAACCCCCCCCTTCAGCGCACGGTTTTGGTGAAATCAAGGGGGGTTCTTACAAAAAATGCTAGGGCGCTGGGTTTCACAAAAACTCCCAAAAAAATTTCCTCCATAAGGGAAAAAACACTCCTTTTCACGAAAAAGCCGAAAAATTCGAAATCAAGGGGGGTTCTTACAAGGCTGGGGGGAAATCGTCCAAATCAAGGGCCTGATAGAGGAAGCAAAAGTCGTAACAAGGTAGCT	12	0	0	0	0
GTTGCTACTGATGGTATGAATATAGAGATATTGGGAGGTGCCTGCTAGATGCCAATTTCACTTTTTCTTGGGCTTCTTGGCCGATTTCCCCCAAAAAAACTGGTAAAAAAAAACATGATCTTATCTTACTCAGTTTCCGCCCAATCGATAGTTTTGCTACCACCTCTGATTGGCGGATATTGGCAAATATGGCGAAAAAAAAGGACTGTGGTTGAACTTCAACAGACCACTAGCACTGTCACGAAGCTTGCTTCGTTGTGGTGCGCTAAACTTTATCAATATCTTCATACTAGAAGAAGCAAAAGTCGTAACAAGGTTGCT	12	0	0	0	0
TTTATCCTCCTTTAAGTAGTATTCAATCTCATTCTGGTCCTTCTGTAGATTTAGCAATTTTTAGTTTACATTTATCAGGAGCTTCTTCAATTTTAGGTTCTATTAATTTTATTACTACTATTTTTAATATGAGAGCACCTGGTATTACTTTACACAGAATGCCTCTTTATGTTTGATCTGTTTTAATTACTTCTTTTTTATTACTATTATCTTTACCAGTTTTAGGAGGAGCAATTACTATGTTATTAACAGATCGAAATTTTAATACAACATTCTTCGATCCAGCTGGAGGAGGAGATCCAATTTTATATCAACATTTATTTTG	0	4	0	8	0
GCTCCTACCGATTGGATGAGTTGGTGAGTGGATTGGAGTAATAGCAGTCTTCTTTAATAGATGGTTGTACTTTTTGAAAATTTGCAAACTAAATTATCTAGAGGAAGGAGAAGTCGTAACAAGGTTTCCGCGATTGGATGAGTTGGTGAGTGGATTGGAGTAATAGCAGTCTTCTTTAATAGATGGTTGTACTTTTTGAAAATTTGCAAACTAAATTATCTAGAGGAAGGAGAAGTCGTAACAAGGTTTCCGTAGGTGAACCTG	0	0	0	12	0
TTTATCCTCCATTATCAGGAATTCAATTTCATTCAGGACCATCTGTAGATTTAGCTATTTTTAGTTTACATTTAGCAGGTGTTTCATCTATTTTAGGTGCTATTAATTTTATAGTAACTATTTTTAATATGCGTGCTCCTGGAATGTTTATGCATAAATTACCATTATATGTTTGAGCGATATTAATTACCGCATTTTTATTATTATTATCATTACCTGTTTTAGCTGGTGCAATTACTATGCTATTAACTGATCGTAATTTTAATACAACTTTCTTTGATCCATCAGGTGGAGGTGATCCTGTATTATATCAACATTTATTTTG	0	11	0	0	0
GCACCTACCGATTGAGTGTTCCGGTGAGGCCTCGGGATTGTAGTGAGCTTCCTTTATTGGAAACTCACCGCGAGAACTTGTCCGAACCTTATCACTTAGAGGAAGGTGAAGTCGTAACAAGGTTTCCGTAGGTAAGTCAACACAGCATACAGCAGGCACAAACAAAACACACATCTATGTACACATACGAAGTTCAATCAACTCACCTATCTCTACCTCTCTCTCTACCTCTCTCTCTACCTCCAGGTGAACCTGCAGAAGGAT	0	0	0	10	0
TATATCCTCCTTTAAGTAGTATTCAATCTCATTCTGGTCCTTCTGTAGATTTAGCAATTTTTAGTTTACATTTATCAGGAGCTTCTTCAATTTTAGGTTCTATTAATTTTATTACTACTATTTTTAATATGAGAGCACCTGGTATTACTTTACACAGAATGCCTCTTTATGTTTGATCTGTTTTAATTACTTCTTTTTTATTACTATTATCTTTACCAGTTTTAGGATGAGCAATTACTATGTTATTAACAGATCGAAATTTTAATACAACATTCTTCGATCCAGCTGGAGGAGGAGATCCAATTTTATATCAACATTTATTTTG	0	0	0	0	10
CACCATGTCACTCCAACTATCCTGAGGGAAACTTCAGCATGAACCAGCTACTAGGTGGTTTGATGAGTCTTTCGCCCCAATTCCCGAATCCGACAAATGATTTGCACATCAGCATAGCTGCGGTCCTCCATCACCATATCTAATGACTTCAACCTGTCCAGGCATAGTTCACCAACTTACAGGTCCCAACGCATAGACCTCTGCTAGTGACGATGGTTGGGTAGAAGTCTCCTGAGGTGTTGTGTGCTTGCAGCATTGCTGGTGCAACCTACCATTGGAACAAGCAGAAGTAGTAACAAGGTAGCT	9	0	0	0	0
GATATTCTCGCCGAACGTGTGATCCTCGTCACCGGAGCCGGCGACGGTATCGGTAAAGCCGTGTCGCTGGCATTCGCCGCCCACGGCGCCACCGTGATACTTCTCGGGCGCACTACGCCCAAGCTCGAATCCGTGTACGACGACATCGTGGCCGCCGGCGGGGCCAAGCCTGCGATTTACCCCTTGGACCTGGAAGGCGCGGTTCCCGACGACCACCGGCAACTGGCGGAACGCGTAGAGTCCGAGCTCGGGCGTCTCGACGGCCTGCTGCACAACGCAAGCCTGCTCGGCTCGCTGACACCAATCAAGCACTATGACCAAAGCGAATGGCTACGCGTCAT	9	0	0	0	0
GTGATCCGTCGAATTCCAACCTGGTCAGCCGCAGCCTTCAGCCCGGCGACGTGCCGGCCTGCGTGCTGTTTCGGTCCAACACCCAGGCCGTCGGCGAAGCCTCCGAGGCCCATCCGCTGCTGAGAACCATCCCCGCCGTCGATCCCTCGCCGACCGGCTCGGACTTCGGTTCGGCCGGACATGGCCAGGAGTACTTCGAGGACGCCGTCAAGCAGCGAAGCAGCCTGGCCAACCACTACCTCGAACTCTGGAACAACCAGAAACTCGATCTCTTCGACCGTGACGCCCGCATGTCCCGCTTCGGCGACCTGTGGCGGATCGCCACACGAGGCCAACTCGATCGCCTGCTCAACCGGGATTACCCGCTGAGCAACCTCCCCTTCCAGATCCGGCGGATGATCGGCGGGACGCATCCGGATCGGATGAAACAGATGCAGCGGGACGAGGGGCGTTGGCG	0	9	0	0	0
TTTATCCTCCGTTATCTAGTTTAATAGGCCAGAATGATCCTTCAGTAGATTTAGCTATTATATCTCTACACTTAGCAGGTTTCTCTTCAATTATAGCTTCTCTTAATATTATGACCACAGTTCTTAATATACGGTTACCTTGAGTAACTTTAGAAATAACCCCTCTCCTACCTTGAGCATTACTTATTACTGCCTTACTATTAATTTTAGCTCTTCCTGTTTTAGCAGCCTGTATTACAATGCTTTTAACTGACCGAAACCTAAATACATCTTTTTTTGACCCTTCAGGAGGTGGAGATTTAATATTATTCCAACATTTATTTTG	0	0	9	0	0
GTTGCTACTGATTGGCTGTAGGGTAGAGATCGGCGGATTCTGGGCAGTTGGGTCAAACCTTCTGTCTGGGATAGGATAGGATAGGATAGGATAGGGGGGTACTCTTCTATGGAGGCCGCACAACGCGACTCATTCTCGCGTAGGCCGAGACCAAGTCTGGTGCTGGGAACCACCCGGCGGAGGGAGCCACCCTTTCATCGATGCTCAAAACTGATGTCAGAGTACCGCCGCCGCCGCGCGGGAGAGGATGACAACTACCGGGTGTTGGGTAACCGCGCGGCTTCGAGGGAGAAACCTTTTCGTGGGAGAAACCTATCAATATTCTGCAGCTAGAAGAAGCAAAAGTCGTAACAAGGTTGCT	0	0	0	9	0
GCACCTACCGATTGAATGACTCGGTGAAATCTACGGACTACAACCTACCAGCCCTCGGGCAGGAGGTCGTGGGAAGTAAATTAAACCTCGCCATTTAGAGGAAGGTGAAGTCGTAACAAGGTTTCCGTAGGTAAGAACAAAACTCCTTTATATATACATTACATGACGTCGAAACCAAGTGTTTCGATGAAATTTGAATCTCTCTGACGTGTTCTCCGACCCCGGTCCGTACCAAAAAAATGAAAATAATCTAACTCAAATCTTTCTTTCAATCTTAAATTTATCTTCTTAATTC	8	0	0	0	0
TATATCCTCCATTATCAGGAATTCAATTTCATTCAGGACCATCTGTAGATTTAGCTATTTTTAGTTTACATTTAGCAGGTGTTTCATCTATTTTAGGTGCTATTAATTTTATAGTAACTATTTTTAATATGCGTGCTCCTGGAATGTTTATGCATAAATTACCATTATATGTTTGAGCGATATTAATTACCGCATTTTTATTATTATTATCATTACCTGTTTTAGCTGGTGCAATTACTATGCTATTAACTGATCGTAATTTTAATACAACTTTCTTTGATCCATCAGGTGGAGGTGATCCTGTATTATATCAACATTTATTTTG	0	8	0	0	0
GCGTCGATGGTGAAGTCCATGCGCGGGGCTTTTGTCTTGAAACCGTCCAGCCGGCCCTTGATGACAAGCGGGATGCCGAGGAACGTGGCCTCGAGCCGCTCCGCCTCCACGTAGACCTTGTCCACCATTCCCCTTGCTTTTATGTCGTAAAAATAGTGGTCGAATCCGGGAAATTGAAGGAGAAGTTTCTCGGCCGTCGCTTCCACGGTCCCCGTCTTTTCGACGAACTCGGCATAGCCGTTCACGCCTTCCACTTCGAGATGCAGCGGCATCCTGGCGGGGAAATAGTC	0	0	8	0	0
TTTACCCACCCCTATCCGCAGGAATTGCCCATGCTGGGTCATCTGTAGATATAACCATCTTCTCATTACACTTAGCAGGGATCTCCTCAATCCTAGGAGCCGTCAACTTTATCACCACTATAATTAATATACGGGCTCCAGGTATATCCTTAGATCAAACCCCTTTATTTGTATGAGCAGTTGGGATTACAGCACTTCTTCTCCTATTATCCCTTCCAGTATTAGCAGGAGCAATTACTATACTTCTTACCGATCGTAATTTAAACACTTCTTTCTTTGATCCCGCTGGAGGTGGAGACCCTATTTTATATCAACACCTCTTCTG	0	0	0	8	0
TTTATCCACCATTAAGTGGTATTTTAGCTCATTCTGGTGGTGCTGTAGATTTTGCTATTTTTAGTTTACATTTAGCTGGTTTATCTTCTTTATTAGGAGCTATAAACTTTATAGTAACAATTTTTAATATGAGAGTTCCTGGTATGCGTATGAATTTAATTCCTTTATTTGTATGAAGTGTTTTAATTACTGCATTTTTACTACTATTATCTTTACCAGTTTTAGCAGCAGCTATAACTATGTTATTAACTGATCGAAATTTTAATACTTCATTTTTTGATCCTACAGGGGGAGGAGATCCTATTTTGTATCAACATCTTTTTTG	0	0	0	0	8
CTCCTGCCTGCTCACGCTGCTCAGCGCGGCGGCGATCGTGGCTTTGGCCTGGAAGGCCGGCATCAGCACCGTGGCCAGGGGCAGAGAAAGCCCGATTCCGGACGTAATCCGGCTCAAGGCGCGATCCCGGGAATGGTTCGGACGGCCTCCATGGTTCGAGAATCTACACCGGCGCCGGAACTCCGTAAATCCGGCCGATTTGGCTGCCATCGGTGATTTTTGACTTTCCTCGGCCCGACCATATATTTGGCCGCGGGTAGGTGA	7	0	0	0	0
GCTACTACCGATTGAACGGCTTAGTGAGTTTTCCGGATTGTTGGCAATCCAAGGGTTTCCTTGGTCTGTCATGCGAGAAGGGTAGCAAACTTGGTCGTTTAGAGGAAGTAAAAGTCGTAACAAGGTTTCCGTAGGTACGTAATATTCAGTTGTCTCTCTCTCTCTCTCTTTTACTTCTTGAAAACTAGATTGTGGTGAAACTTGGATTGTATTCGAATGTCGTTTTTGCGTTGGGCCATAGCATGTTGAGAACACCGGATCATCATCCCGAACTCCGAAGTTAAGCAACATTGCGCTCGCCAAAGTATTCTCGTGGGTGACCAGAGGAGAACAGCGAGTGCTTCAACGCGTGACACTAGAATCAATTCAAGTTAACCTGCTTGTTCAAGCTTGTTTCTTGTCTCTCTCCCTTCCCACCATGCATAATCTAACCTTTCCTCTTCATTGTCTTCTTCTTTACTTTT	7	0	0	0	0
GTTGCTACCGATTGGCTGCGAAATAGAGGTGTTGGGATTAGCCTCTGCCAGCTCTGCTGCGCAGATGGTTGAGAACTTCTCCGATATTTCACTGATTCAAGCAGTGAAGTTTGAAAGCTCAAGCATCAGTGTTCAGTCAAAGACTGAAGCCATCATCCAGATGGTCTAACGACTTTACGTTTCAGTGATCCATTCTGATCATCAGACAGAGTCTCTATCAACAGGATAGCTAGAGGAAGCAAAAGTCGTAACAAGGTTGCTGTA	7	0	0	0	0
GTAAGTTCTGGCCAACCTCCAACACAACACATCGTCCAAGTTCACAAGGCAAGGTGTTCTCAACCAAGCTTGTTTTCTTTTGATATCATCAGGCACCTACCGATTGAAATGTCCGGTGAACGTAAGTAATTCTTGAGCTACTTCCAACTTTTACCATCTCAATCAATGACAGCTTCTGACCTTATCCAATCCTCTTCTTGCTTGCTGCTCCAGTGTCGGGATTGTGACGTGTTCCTTTATTGGGATGCGACGCAAGAACTTCTGTAAACCTTATATTTTAGAGGAAGGTGAAGTCATAACAAGGTTTCC	0	0	7	0	0
TTTACCCTCCATTAGCCGGAAATGTAGCACATGCTGGAGGATCAGTAGATTTTGCTATTTTTTCATTGCATTTAGCAGGAGTTAGATCAATTTTAGGGGCTGTTAATTTTTTAAGGACTTTAGGAAATTTACGTACCTTTGGTATATTACTTGACCGTATGCCTCTTTTTGTATGATCAGTAATAGTCACTGCAGTTTTATTGTTATTATCATTACCAGTATTAGCAGGAGCTATTACTATATTACTAACAGATCGTAATTTAAATACATCATTTTATGATGTAGGTGGAGGAGGAGACCCAATTTTGTACCAGCACCTTTTTTG	0	0	7	0	0
GTTGCTACTGATTGGCTGTAGGGTAGAGATCGGCGGATTTTGGGCAGTTGGGGCAACTCTTCTGTCTAGGAGAAACCTACAAGGCGCGACAATAATATCTTATTTCAAATCATCAACTCGTCCGGAAAAAGACTTTTTCAAATGGGATTTTCAATTCCCAGGATTATTCTAAATGAAGAATAATATTAAAGAGTTTTTTCAGAAATTCTTTCAGAGTTTCAAATCGGAATGTATTTCAGTTGAAGAATTTTTCAAAAAAAAGAATATTTTATCAGAAATTCTTTTCTTTTTTCAAAATGATTTTTCATTTCCGGCGGCTATTCTACTTGAAGAAAAAGAAAATATTGTCGCGCCTTGTATCAATATTCTGCAGCTAGAAGAAGCAAAAGTCGTAACAAGGTTGCT	0	0	0	7	0
GCTGCTACCGATGAGTGATCCGGTAAACCTTCTGGACTGCTAAAGCCTTGAGCTTTATCAGTGAGTAAATCCAACCGGCATAGCCGGCATATGCCGGTTGGATTTTTCCATATGCCGGTTGAAATTTTGTTCAACCGGCACGTATGCCGGTTGACTTTTGTTCAACCGGCATGAGCCAGCTCTAACCTACATGAAAAAAAATCAAAAAAACGAAAAAATAAATACGAAAAAGCAAATGAGTGCGAAGCGCGCGATTTTTTTTAGACATATGCCGGTTGACTTTTTTTCAACCGGCATACATGCCGGTTGACTTTTTTCAACCGGCATATGCCGGTTGAGAATTTTCAAATCATTTTACTCCCTGGCTTTATGCGGGAAGTTAAGTAAACCATATCACTTAGAGGAAGCAGAAGTCGTAACAAGGTATCT	0	0	0	0	7
GTCGACCCACACCTCGCCACGAACAGCGGTCTGCCGGTCGTCGTGATCCCTGGAGTGACCGGAACCCGGCTGAAGGACGCGGAGACGGGGCGCGTGGTCTGGGGCAAGGCAAGCAGTGTCTTCTTTCCCCGAGACGGAGGCTATTCCCTGGCCCTGCCGATCGATCGGGAGGACGACGAGCCATCGAAGCTGGTACCTCACGAGCCGGTCTGGGAGGTCAAACTGTTCGGCGTCGTGCGCTACGGAGCGTACCGATCGCTGCTCAAGGCGCTGGAGGCGAACGGGTACCGGCTTGGAGCGCTGGAAACGCCTGCGGCGGACGACACGGCGTTCTTCTTCAACTACGACTGGAGACGGGACAGCGTGCACGCGGCGAACAGGCTTCTCGAAGCGCTTGAGCGCCTGCGAGAAGCTCGCGGCGAGGATGTCCT	6	0	0	0	0
GTTGCTACCGATTGGCTGTGATTTAGAGGTGTTGGGATTCGTCTCTGCCGGCTCTGCCGTTCAGATGGTGAAAAACTTCTCCGATAAATCACTGCACAGCAGTGAATGTTTAACAATAATGATCAAAGTGACAGTTCAAACTGTCAGCCTAGATGTTCTAGGTTCAACGACTCTACATTCATCCGGTGTTTGTACCGGAAGGAAGAGTCTGAGCTGAAGCTATGCTAGAGGAAGCAAAAGTCGTAACAAGGTTGCTGTAGGTGA	6	0	0	0	0
GTTGCTACCGATGATGTGGAGATAGAGACTTTGGGAGAGGCTTACTAACAGCCCTCGGGTTTTAGTTAGATTTGAACTTATCCGATGTCTAAGCGGAGCTCAGCGTGAACAGAAATCACGCGTGGAGCAAAAGGGCATAAGCTCCGTCCACTTGGTCTTTCAGTACAAGACCGGGCTGTGAAAGCACGGCCCATAGATCCTTTGGATCCGAATTTAAATGTTCAGGGTATTGAAGCCAGAGGTGACAGAAAAATTACCACAGGGATAACTGGCTTGTGGCAGCCAAGCGTTCATAGCGACGTTGAAGCAAAAGTCGTGACAAGGTAGCT	0	6	0	0	0
GATGTTCTCGCCGAACGCGTGATCCTCGTCACCGGAGCCGGCGACGGTATCGGCAAAGCCGTGTCGCTGGCATTCGCCGCCCACGGCGCCACCGTGATACTTCTCGGGCGCACTGTCAGCAAGCTCGAATCCGTGTACGACGACATCGTGGCCGCCGGCGGTCGCAAGCCTGCGATTTACCCCTTAGACCTGCAAGGCGCGGTTCCCGACGACCACCGGCAACTGGCGGAACACGTGGAGTCCGAGCTCGGGCGGCTCGATGGCCTGCTGCACAACGCAAGCCTGCTCGGCTCGCTGACACCCATCGAGCACTATGACCCAATCGAATGGCTGCGCGTTAT	0	6	0	0	0
TCCGGGTCTCGGTCCTGTTCCGCTGTCTCGGCGGTATCAGGAGCGCCCTCGCTGGCAAAGTATTCGGCGAGGATGTTTTCGGCAGTGGCGTCCGCGTTTCCCTGCGGGGCCGGTTGCTCGATTGCTGGTTGTGTTGCATTCATGCGGCAATTGTAGCACTACCTTATACATCCGACACAACACATAACTAAAACCTTATGACACAGCGCACAAAAAAGCCCGCGCTAGGCGGGCTTGTTCGGGGCGATATGGGGCGCCGCCCTGGCTGGCCGGGTG	0	0	6	0	0
GTAAGTTACTTCGAAGTACCTCTCTAGAAACTCTTCACCTACCGAATACCACTGGTTAAATAATAGCACGCATCTAACAACATCACTTTGTTTTCTTTTACCACCCATCAGGCACCTACCGATTGAATGGTCCGGTGAAGCCTCGGGATTGTGGCTGGTTTCCTTTATTGGAGGTCGGTCGCGAGAACTTGTCTAAACCTTATCATTTAGAGGAAGGTACGAGATTTTTCGTTTTCTGGGTTAGGGTTAAGGTTATTTTATTTATTCTATATTCATATCTCACACTATTTCTTATGTTTCTTTATTCTTTGAACCACAACAGGTGAAGTCGTAACAAGGTTTCCGTAGTAAGTGTGCCAAAAGGCTGTCTGTTGGTTGTCATAGTCTCTGGACAAACTGTATATATATCCTAACGTTGTCGTCCTCTACTTCTCCTCTCTTT	0	0	0	6	0
GTTGCTACCGATTGGACTGTAAATAGAGGATTCAAGAGGGCGTGCTCTTCGGAGTTATGCCCAAATTTGCCCGATATTTGTTGTCTAGAGGAAGCAAAAGTCGTAACAAGGTTGCTTGAACTGTGGCAACAACACTCACACTAGTCACCAATGGTGGCAAGACTGCTGTATCGGGGGACGGGCCTTGAGCCCAATCTCGAGCACATCTCTGATGTGTGTAACGAATGCAAAGCAGCCCGCTCTCAGAGAGCGTGAGGAACATCCTGCACCCAGTCTCAAAACTGGGTACCCCGAGG	0	0	0	6	0
TATATCCTCCATTATCTTCAATAGAAGCACATTCTGGTGGTTCTGTTGATTTAGCTATATTTAGTTTACATTTAGCTGGTGCATCTTCTATACTAGGAGCAATGAATTTTATTACTACAGTTTTAAATATGAGATCTCCAGGTTTACATATGCATAGAATACCTTTATTTGTTTGAGCTATTTTTATTACTGCAATATTATTATTATTAGCTTTACCTGTTTTAGCTGGAGCAATTACAATGTTATTAACTGATAGAAATTTTAATACAACGTTTTTTGATCCGGCAGGTGGTGGTGATCCAATTTTATATCAACATTTATTTTG	0	0	0	6	0
GTTGCTATTGGCCAGTCATTGCCTAAAGACATGGTTATGGGCTTCTGAACAGAAAAACATAGTTTTCAACATAGTTTTTTAACATAGTTTTTAACATAGTTTTTTAACATGGTTTTTTAACTAGGTTATTTCTGAGGAATCCTGTTTGGCCATCGCGGATCGCTGAAAACGCTGTGCATAGTGCTACCCGAAAACCCTGTCTTTTCCAGATTTGGACCGATCAGGAAAACATAGTTTTCTAACATAGTTTTTAACATAGTTTTTTAACTATGTTTTTAACTATCTTTTTCCTGCAATGCCTGCTATTGGCTGTAAGGTAGAGATCGGCGGATCCCGAGCAGTTGGGGCAACTCTTCTGTTTGGGAGAAACCTATCAATATTTTGCAGCTAGAAGAAGCAAAGGTCGTAACAAGGTTGCT	0	0	0	0	6
CCAGCGGACCCACAGGCGAGCGCCGAGATATTCCGGCGGAACGGAATAGTATGCCTTGGCGACCTCGACGTGCCCGTCGCGATGGACGGACCGCTGGGCCTCGTTGAACAACGGGAATCGCATGGGCGGAAGCTCCAGCAGGGCCGATCGCTCGGCCTCCCGGAAGACCTTGCCCACCTGCTTGCGCGTCGTGCCGTGGATGCGCGTGTCGGCGACATTGGTCTCCCAGTCCAGTAGATGGCGATTCTGATCGGCCAGAGAGGT	5	0	0	0	0
GAGATCCCACGTGTAGATTTCGCGCGAACCCCAGGAGAAGCCGTAGATCCGTCCACGGTCGCGGTCGAGCACCACGCTTCCGATGTGATCCTCGACCGAAAAGACACTCTCAGCTTTGAGCGTCCTCGGGTCGACTCGATAGACAATCGAGCGGCTGTGGGGCCGGTATTGCGCCACCGGCACCCAGAGGTGCGTACCGTCGAAATCCATCCCGCCTGGGTGATAGATGCCCGCCTGGGGATCGCCGAGTTCGGCTTGGTCGAGGAGCTCACCTGCCGCAGAGACGCGGTAGAGGTAGCCCTTTCCCCGGCCGAGCGTGCGATCGGGCCTACCTAGTGCGCCTCCGTCGCGCTTCTTCGGCCACTCCAGCACATCGACCGACGAGATCAGGAACTCATCGCCAACCTTCACCAACCCCTGCG	5	0	0	0	0
GGACACTCGACATGGAACTCAACGTGTTGTTCGAGACGATGCACTCCTATTGGAGCAGCCCGACGCCTCGGTCTACCTCAACGAGGAGGGGTCGGTGAGGGTCGTCATGCCAGCGCGCGACTCAGAATCCGACAGCTTTTCGGGACTCTCCGTCATCATCCACGAGGAAATTGAGGAGCGCCTCGGCCGTGCCCTGGGATTCGTAGACGAGGTGCTCGGTCACGTCGATTCCACGAGTCGGCTCACACGGGTTGCCATCGTCGCGTGCGTGCAAGGTGGTGCGCACATGGGATGGCGAACCCGAGACGAGCACGCGCGGAGTCCGAACTCGGT	5	0	0	0	0
GTTGCTACCGATTGGCTGTGATTTAGAGGTGTTGGGATTCGTCTCTGCCGGCTCTGCCGTTCAGATGGTGAAAAACTTCTCCGATAAATCACTGCACAGCAGTGAATGTTTAACAATAATGATCAAAGTGGCAGTTCAAACTGTCAGCCTAGATGTTCTAGGTTCAACGACTCTACATTCATCCGGTGTTTGTACCGGAAGGAAGAGTCTGAACTAAAGCTATGCTAGAGGAAGCAAAAGTCGTAACAAGGTTGCTGTAGGTGA	5	0	0	0	0
AAACCAACCGAGTTGGGTTCCCGTGAGGGCGCCGTTTCTGCGGCGTTCGAACGGGGGTTCAGCGAGGGGGGTTAAGTCGTAAGCAAGTTGCGACTCCGGGATCGCAAGGTCCCGGCACAAACCTGGCTATATGCGGGAAACTCCGTGTATCCCACGCTACTCGACCTCCGGGTCAGTAAAAATGCGATGGGTGCGGACAATCCGCAGGGAAGGCCGGTCCTCGACCGGAACCCTCAGAGACTAGCACGCCAGGCTCCGAGGTGGGGCGCCGCCTCGGATGAAGAGACAGTCCAGGCCCCATGGCGACATGGGGAACACCTGAACAAGGTATCT	0	5	0	0	0
GTTGCTACCGATTGGCTGTGATTTAGAGGCCTTGGGATTAGTCTCTGCCAGCTCTGCTGCGCAGATGGTTGAGAACTTGTCCGATAAATCACTGAAGAAGCAGTGATATTATAAATACTAACACGAATAACCAGGTCACCTGGTTACCACACAATGTGTGGCTCAACGACTTTGAGTGTTTGATACTGCAAGTATCAAGAATAAGTCTCACCAAAAGTATTGCTAGAGGAAGCAAAAGTCGTAACAAGGTTGCTGTAGATAGTATCTACAAGTTTAAAGAAAGCTCAATAAACTTTCGCTTATTTGCGAAAGCCATCAGCTGATGGTTAAACGACTCTACATTGAACTGTCCTTGGACAGAAGAAAGAGTCTCTCCTTAGA	0	5	0	0	0
GCTCCTACCGATTGGATGAGTTGGTGAGTGGATTGGAGTAATAACAATCTTCTTGAATTAGATGGTTGTAATTTTTAAAAATTTGCAAACTAGATTATCTAGAGGAAGGAGAAGTCGTAACAAGATTGGATGAGTTGGTGAGTGGATTGGAGTAATAACAATCTTCTTGAATTAGATGGTTGTAATTTTTAAAAATTTGCAAACTAGATTATCTAGAGGAAGGAGAAGTCGTAACAAGGTTTCCGTAGGTGAACCTGCAGAAGG	0	5	0	0	0
GTTGCTACTGATTGCAAGGTTGTGAAAAAAACGTTTTTGTTCTTGGAATCCAGAAAAAAACGTTGAGAAAAAAACGGCCTCCGGCAAATCCAGAAAAAAACGGCACTGATCCAGAAACAAAACGCCTCCGGCGGGGCAAAACTCCTGAAATGTATAATCCCCAAGGAAAAAACGGAATCCCATGGGGAAAAGCCCCAACCCAACTTTCGGAATCCAGGAAATGTACGAAAGAAAAACGCAATTTTTTTCACAACCTTGTGATTGGCTGTAGGGTAGAGATCGGCGGATCTCGATTGCTTGGGGCACCCCTCGTAGTTGGGAGAAACCTATAAATATTCTCCAGCTAGAAGAAGCAACAGTCGTAAAAAGGTTGCT	0	5	0	0	0
GTGATCGAGGCGCAACCGGAGATCGATGAGGTGTGCGCCCGCTGCCGTGATGAGGGCCGCTTCGCGTTCGACACCGAGTTCGTGATGGAGGACCGGTTCGAGCCGGAGGTCTGCCTGGTGCAGGTAGCACACAGCGGGGGCTCTTTTCTGCTCGATCCGCTATCCGGGCTCGATCCGTCGCCGGTTTGGTCGCTGGTGGCCGACCCTGACGTCGAGACGATCGTTCACGCCGGACAGGAAGATCTCGCGATCGCGTTCCGTGCGACACAGGCGACGCCGCGGAACATTTTCGATCTGCAGATTGCGGCTGGTATGACGGGACCGGACTA	0	0	5	0	0
TCTCGGCATGGATTCGTGCCCTCAGATATGCCCCGCCATGCGTGGCGCAGCACGACCTGGCTCAGGATCCGGTCTATCGGCGCCCCTGGATCGGCACCGTAGTCGACCCGCACTGGCGAATGGGCCCCCAGCCGACTTCTGTCCTGTGCGAATGGCCCGGGCGTCCGATACCGTGCCGCGGGCCGTCATCTGTCCTGTGGGGTCAGGCACGATCCCACACCTCCACGGCCACCATCAGTCGCGTGGAGGATCACTCCTCGTCGGCGTCCCCGGCAGAGGCCTGGTACTGCTCCATCCAATCGCCGGGGAGTTCGGGCATCTCGTCGGGGATGAGGGCCCCAACGAAGGACTCCTCGGCCCAGTCCACGACCAGATATGCGGTCAGGCCTTCGTAGGCGCCGCTGCCAT	0	0	5	0	0
TTTACCCTCCATTAGCTTCTATTGAAAGTCATTCAGGTGGCTCAGTAGATTTAGCAATTTTTAGTTTACATTTAGCAGGGGCATCATCTATTTTAGGTGCTATTAATTTTATTACAACTGTTTTAAATATGAGAGTACCTAATTTATATATGCATCGTATACCTTTATTTGTATGAGCTATTTTTATTACAGCAATTTTATTATTATTAGCTTTACCTGTATTAGCAGGTGCTATTACTATGTTATTAACTGATCGTAATTTTAATACTACTTTTTTTGATCCAGCAGGTGGTGGTGATCCTATATTATATCAACATTTATTTTG	0	0	0	0	5
ACACCATGGGAGTTGGCTTTACCCGAAGGCGGTGCGCTAACCGAAAGGAAGCAGCCGACCACGGTAGGGTCAGCGACTGGGGTGAAGTCGTAACAAGGTAGCCGTAGGGGAACCTGCGGCTGGATCACCTCCTTTCTAAGGAACCGGTGATCAGGTGACAGGTGGCAGGGATCAGCTTGATCCGTGCTGTTTGTGCCGATCACGGGACTTTGGACATTAAGCGGTGTTGGTTTTGGGTTTAAGGGATCTGATCCCTGATGCCCGTCGACTGACACCTGTACTAACTTCCGCCGTCCTCGCATCTCTTCCATTAAGACAACGTGAACCGGC	4	0	0	0	0
CTGTCCAGGATAGTGACCATTACCTGACTATCGTATTTGTCACCCTTGTCACCGACGACCACGTCACCATTAGCAACATTAGCGCCACCGGTATCTACGACGAGACCACCGCCGCCATCTTTGTCGACAATGAGATGCGCAAGTGCAGGCGTTGGGCCAAAGTCAGTACATGATGTCTTGCCCGAATCCTGATTGTTGCTGGATGCGCTGCAATCATCACCGGCATGGTAACGAAAGCTGACTGAAGTCGGACGCTTGGTACACTCGCCGCCCTGACCTTCAAACTCACATTCATTAACGACGGGATCATTTCCGCCCTGTGTGGGAGGAGGA	4	0	0	0	0
GAAATAGCGGACGGGTATGGTTGCTCTGATTCCCAACGCGACGGTGATCTGGATGGTTCTTACGCTGATGTGGACTGCAACGATACTGATGGGGCGGTTTACCCGGGTGCCCCCGAAAATTGTGACGGTGTTGATAATGATTGTGATGGCATTGTTGACGAACAATGCACTGCCGTGCATGAAATATTGTTTACACCAGACCCGGGTGCTTCAACTTGGCTGCCGGTTCCAAACTTGCAAGTAGATATTGCGCTTGCAACTGCAATGTACGGCAATACCTTCGATAGGAGAAGTCTATCCTATACTGTGACCCATATAACGAACTATCCGGGAGCGTACACAAATGACCCCAGCATTATATTAGACGACGATTTTGAACACCAGTTGAAATTGGGCGATATAAAGCTAACCTGTAAGGACTATGGTGCCTCTATCACTTTCCGCGTAACAGGAACGGTGAAT	4	0	0	0	0
GATGTTCTCGCCGAACGTGTGATCCTCGTCACCGGAGCCGGCGACGGTATCGGTAAAGCCGTGTCGCTGGCATTCGCCGCCCACGGCGCCACCGTGATACTTCTCGGGCGCACTACGCCCAAGCTCGAATCCGTGTACGACGACATCGTGGCCGCCGGCGGGGCCAAGCCTGCGATTTACCCCTTGGACCTGGAAGGCGCGGTTCCCGACGACCACCGGCAACTGGCGGAACGCGTAGAGTCCGAGCTCGGGCGTCTCGACGGCCTGCTGCACAACGCAAGCCTGCTCGGCTCGCTGACACCTATCAAGCACTATGATCCAATCGAATGGCTGCGCGTCAT	4	0	0	0	0
GCTCCAGGAGCACTTCCGTCGCTTCGAGGCGAAGGACAGCGCCTTCGACGCCTTCATGCTGCGCTACAACGCGGTGCATCGCGGCGCGGAGGGAGATGTCTTCCCCTACGTCCCGGCGTCCTCGCGACCCGGCATCGTGGCCTATACCGCTACGCGGTGGGGTCACCTGCTCGACCCCAAGAAGATGCCACCGGGCGAGGCGCCTCCCTCGGCGCGGGATTGCTACCGCTTCGCGCTCTCGCATCCGCAGGTGAACCTGCAGAA	4	0	0	0	0
GCTTCTACCGATGGAATAGATAGGCAAGATAGGACGAAGATCGTTTTAGCAGGTGGGCACTTGTGTCTGCCAGGTTCTAGATGGTCTGAATCCATTCAAACCTGCCTATTTGTAGGAAGAAGAAGTCGTAACAAGGTTAGCCTCTCGTTGATTGTTAGTATACTAAATATATATTAACATTCTACATAGGTATCCGTAGGTGAGAAACTATACTTTTAGTATTGATTCTTTAACTAGCCCTGTTATTGACTGATTTTTCCTTAG	4	0	0	0	0
GCTTCTACTGATGGTTGCCTCGACAAGGACTTGGGAGCACTGTGTAACGTTGTGGGAAACCGCGACAACACGATGCAAACTCGTTCAAGTCTCGGTGACTAAAAGAAGGAGAAGTCGTAACAAGGTATCCGGTAAGTAAAAATATACAACACGCATCATGATCATGATTGGACACGGTACTAGTAGAGGAAAAACGAAATCACGATCCGAAGTGCTTCACGTTTCAATGAAGGAATTGCTCGAAACCACCTGTCCATCTCATTGCAATCAACAACTGTATGTCGAAACGTATCTCACCCGTTTCTTTTA	4	0	0	0	0
GCTTTTACCGATTGGTATGGAATTTTTTTTCTATACAAACCCTTTTATTATTGTTATATTGCATTTATTGAAAATGCCGATTTGGTGACAACCAAAGAGCGCATTCTCATCACATTTATTCATATCGGAACTTGTCCTCTTTCTAATTTTGAATTTCTAACATTTTATCCTCATTATTCATTAAACAAATTTTTTAGGAATCCGAAATGAGGTATCGGGAGAAAAAGCGCTGTTAGTGGCATGTTCTCGCGAATTTGTCCGTTCGCTTTATCAAACGTTCCCAAATTTCGTGTTTTAGAGGAAAAAGAAGTCGTAACAAGGTATTCGTAGGTATGAGTCAAATTTCCTGCTATTTTGCTACCCAAATAACAAATTTCGTGTTTTCTTATCGTTTCTGTATTCTGACCATTCTCTTATCTGTAACCATTTTTTTTTGTCGAACTTT	4	0	0	0	0
TCGCCGACCGCATCAACCAGGACATGCAGTGGGGGCTCGATCAGGCCAAGGCAGTGCCGGCGGTGGAGGTTCGCACCGGCGGCTATCGCACCTGGCCCATCTCCGACTCCCAGCAGAACAAGCTGCGACGCTGGCGTGGGGGTCAGGAGCTGGTGCTCGAGAGCCGCGACCCCAGGGTCCTCTCCGAGCTGCTGGGTCGTCTCCAGGAGAAGCTCCAGCTCCAGAGCCTGAAGTTCAGCGTCTCTCCGGAAAAACGCCGCTCCGTCGAAGGCGAGATCATCGAGGAGAGCCTGGGCGCCTTCCGGCTCCGGGCCGAGCGGGTGCGCAAGAAGCTCGGGGCCCAGGGCTATGA	4	0	0	0	0
GCTACTACCGATTGAATGGCTCAGTGAGGCCTTCGGACTGGCACAGGGACGTTGGCAACGACGACCCAGTGCCGGAAAGTTGGTCAAACTTGGTCATTTAGAGGAAGTAAAAGTCGTAACAAGGTTTGATTCTTCGCAGCCCATTTCCTGCTGAAGCCTTGTATCCCAGTCTACCCGTGCGTCTTCACTGATGCGGTAGGCAACACTGTCCATGTGCTGAGAGGTCCCAAGAGACAATCAGCAGCCGCCTCACCGCGGTCCACAGATCAAACGACGGTGGCCCAAAGTCCAGCTTGCAGCTGAGCACTACGGGTTAAAATATGACCGGTCCTGGTTAGAAATCTCCAGGAAGACACGTTCC	0	4	0	0	0
GCTCCTACCGATTGGATGTTCCGGTGAATAATTCGGACTGCGGCAATATTCGGATTCCGAACGTTGCTGCGGAAAGTTTAGTGAACCTTAACATCTAGAGGAAGGAGAAGTCGTAACAAGGTTTCCGTAGGTGAACCTGCTACCTGGGAAGTGGGTTCTTGTCAAACGCTGTTACCACTTGACTTTTCGCAGATTCGTTGTGGGCGCATCGTGCTGATTTCATCTAATTGCTGATAAACCCGTAGAGCTTGAGGTCGCATGGCCTGACGAACGACCTGATGGAGACCCTGTCAGAATCGGCTCGAACATCTGGACC	0	4	0	0	0
TTCGATGACATCGCTCTCGGAGACCATAGTCACCACGCGCCCCTCAAGGACATACTCTCCGTTGTGGACATGATCCTGTGGAGGGTAGCAGTTGCCCTGCAGGTGGTTGGCGCCGCCCCATTCTTGGTCGTTGGAGCCTCCTGGGGTTGGACTGCCCTCAGACAGCTTGGCCCAGTTGCCACTGGAATCGTAGCCGTAGGGAATCCCATATTCGGAATCTTCTGGGCCGTAACTTACTGAATCAATCAGATTTCCACTCATATCACTTATGGAGACCGTGTCACCATCGAAGTAGTCGAACTCGATATTTGTCTGTGCTCTGTAGAACACAATGTACGCTCCTGAATCAATTACAGTACTCCATGCGATACTGCACATAGGAGAACCACCCTCTGAGATGTCATCAATCCACCAACCTCCGATGTCT	0	4	0	0	0
TTTATCCACCTTTAGCTGGTATACAAGCACATTCTGGTGGTTCAGTTGATTTAGCTATTTTTAGTTTACATTTAGCTGGTGCTTCTTCTATTTTAGGTGCTATTAATTTTATAGTTACTATTGTTAATATGCGAAATCCTGGAATGACTGCTCATAGAACACCACTTTTTGTTTGATCTGTTTTTATTACTGCTATTTTATTACTATTATCACTTCCTGTTTTAGCGGGAGCAATTACTATGTTACTTACAGATAGAAATTTCAATACGTCATTCTTTGATCCTAACGGTGGTGGTGATCCAGTATTATATCAACACTTATTCTG	0	0	4	0	0
GTCGCGTTGATTGTGATCAACCCACCCGCATCGTCGTCCAGCGTGTAGGTGATGCCGTCGGACACGTCCGCGTCCGAGGCGCTCGCCGTGATCCCGACCGCGGTGCCGATGACGGCACTCTCGCTCACACTGTTGGCCGCGGCGTCGCTGTCACTGACCGGACCGACGCTGTACTCGCTGTTGTCGTCGGTCAGGTTGATTGCCATCACCTGGGTGTTAAAGCTGGTGTCGCTGGACGTGGCCCGCACCGTCACGTTGTGAATTGTCTGGGTCTCGTAGTCCAACAGCGTGTTGTCGGCTACCGTCACCACCCCCGTGGTGGCGTTGATGGTAAATCTCCCGCCCGCGTTGTCATCTAGCGC	0	0	0	4	0
TTTATCCACCATTAGCTTCTATTGAAAGTCATTCAGGAGGTTCTGTTGATTTAGCTATTTTTAGTTTACATTTAGCAGGTGCTTCTTCTATTTTAGGTGCTATTAATTTTATAACTACAGTTTTAAATATGCGTTTACCTAACTTATATATGCATCGTATTCCTTTATTCGTATGAGCTATTTTTATAACTGCTATTTTATTATTATTAGCATTACCTGTGTTAGCTGGTGCTATTACAATGTTATTAACTGATCGTAATTTTAATACTACTTTTTTTGATCCAGCAGGTGGTGGTGATCCTATATTATATCAACATTTATTTTG	0	0	0	4	0
CGGGAAGATCGATGCCCAACCCGTCGGCAACCCGCTTGGCGAGGTCCTCATCGATGTTTCTCAACCGCGCGATCACCCGCGGCGGGACATGCTCGATCTCCACTTTTGACAGCTCGAACACGAGCGCGGATGCAATATGCGCCTGTTCGTTTTCGGTCTGCGAACGATAGAACAGCCTCGCCTGGCTGTAGTGATCGGCAAAGGCTTCCGCCCGCACCCGCAGCTTCTCGGTGGGATCGTTGCGCTCGGCATTCTCCCGGAATG	0	0	0	4	0
TTTATCCTCCTCTAAGTGCAATAACATCTGATGCTTCAGTTGATTTTGCTATTTTTAGTTTACATTTAGCAGGTATATCATCTTTAGCAGGTGCTATTAATTTTATAGTTACTATTTTTAATATGAGAGTTCCTGGAATGAAAATGAATTTAATACCTTTATTTGTTTGAGCTGTATTAATTACAGCTTTTTTATTATTAATATCTTTACCTGTATTAGCTGCAGGTATAACTATGTTATTAACAGATAGAAATTTTAACAGTTCTTTTTTTAACCCATCTGGAGGTGGTGATCCTATTTTATATCAACATCTTTTTTG	0	0	0	4	0
ACAGCAGGGAAGCCCAGCCTTCTTCCGAGATTCGAATAAGTGGTTTGCTGATATTGTCTTCTGCCAAATCAAGCCAGATTGAGTGATTGCTGCTGATTGGCTGCGGGATCTGGTTGTCGGCACATAGAAACTTGAAAGTAGTCCTGCTAGAGAAGTTCAGGCCGCAGACGGCTTCACTCTGCAGGGTATGTTTTACTGATTTTTCAGAACTACATGGATCAGCTTGAGCGCTGTAAACTGCAAGGTCTTTGGACATAAGATTGGCGATATGATCGCTTACATCCTGGATATTTTTCGGAACGTTGTTTCTGGCGATTGATTCCACTGGTGGCGCCTTTTTGTCCT	0	0	0	0	4
ACATCACGAAAGCGGGCTGTACTAGAAGTCACTGGGCGAACCTCTTTTTGAGGGCGCAGGTGCCTACGGTATGGCTCGTGATTGGGGTGAAGTCGTAACAAGGTAGCTGTAGGAGAACCTGTGGCTGGATCACCTCCTTTCTAACGGAAAGCATTCGGTTAATGTTTGATTTGTCTCGCCTGCCTAGTTGTCCAAGCTCTTTTCAATTTTTCCTTCACTGAGCTCAAACCAACCACGCGATCCACAGTGCCGCGCGCGGCTTTCCCTTCAGCAAGTGAAAGCCCAGTTCCAAGGAGAAAGCGGGCAACAGCAACCTCTTTCAACTTGGAACTTGCTTCAAAGCTGCGAGCGGAAGACAGGGTGTGCCATCACCCCTATTCTGCGAGATGGATGGTCAAGTCAGTCCGAGGAAAGTCGTCACCTTTCTGAAGTGACGACTGCCCTAGAGACTTGGCGAGGGC	0	0	0	0	4
AACAAGTATGTTTTACCGTTACAGCTTATAACTTCTGTTATAGCTATTCTGCATTCAGTAGACTTCAAAAAGCGCCTGAAGAGCTTAGACAGAAATTCAATCACTTCTTTATCCTCCCAAGCATAGAGTTGATCTTAGACAGCCCTAAGCTCTCTTTGCCCCCTAAGATTCTATTCAGCTTAGCACCCCTTTCCAGGTTCTTACCCATCAAGCAATCACAAAAGACCAGCTCACCATCTTTTACAGACTGCCCGATACCACAGCAAACCTCGCAGACAGGATACTCAGTCATTTTGAGACTTTCTTTGCAGCCGTTAGCATAGTAGTAAGCTTACCTTTCGCATGGGAGAT	3	0	0	0	0
ACAACAGCAACATGGGGACCAGACTTCCCGCCAGACGAGGCTCGCCGGCAATGAAGAACACGCCGGCGAATGCCACCACAATTCCGCATGCACGGCGTAATCCGACCTTCTCCTTTAACACCAGTGCAGCCAGCAACACGCCGACGGGAACCTCAAGTTGGATCAAAATCACGGCGGTGGAGGCATCCAGGTACTTCAACCTGGTAAATGTAAAACCGTATTGAATGGTGGCGCTGACAAAGGCAATCCACCAGATCTTGTCCAGGATGTGAATCGGCGGCCGTACAAACCACACTAACACCAGCGCCGT	3	0	0	0	0
CAGGTCACCACCGAGCAGCGCACGCATGCCAAGACGATCAACTTCGGCATTGTATATGGGGTGACGCCGTTCGGCTTGGCGCGGCGCATCGAGAACCTGGATGTCGACGGCGCCCGTAAGCTCATCGCGGACTACCACAAGCGTTTCCCAGGTATCGCCGCCTTCCTGGAAGATTGCGTCGCTCAGGCCGAAGACCTTGGATATGTCACGACCATGATGGGTCGCCGCCGAATGATCCCTGAAATCCGCTCGCGCAACGGCAACACGCGCAGCCTTGGGCGCAGGCTGGCGATCAATACTGTCGTGCAAGGTAGCGCCGCCGACCTGATCAAGCTCGC	3	0	0	0	0
GCCATGGCCTGCACGCCAGTTTCATGTGCCGCCCGAACCTGCCCAACATCTTTTCCAGCGGCTGGCACCTGCATCAGTCCCTGGTGGAACGCAGCACCGGCAATAATGTTTTTATGCCTGAAGAAGGCGAGATAGTGTCTGCCGTGGGCAAAAACTTTGTCGCCGGTTTGCTGGAACATGCCCAGGCCGCATCGGTTTTTTCAACCCCGACCATCAATGGCTACAAACGATTTCAGCCCTATTCACTGGCTCCCGACCGGGCCTTGTGGGGCTTTGACAACAGAGGGGCCATGATCCGCGTTGTGGGTGGGCCGGGCGATGCCGCGTCGCGCATTGAAAACCGC	3	0	0	0	0
GGTTGCGACCGTGATGACCGGCCTCGAGCAGGGTGCGCACGGTGTGGCCACGCGTACCGATGCAGTGCCCGAGACCGTGCCCCTGCTGGCGCCCTCGTTTTTGGACGCCGGCTACACCACCGTCGGATTCTCGTCGAATCCCCACATCCAGGCGACCACCGGATTCTCCCGCGGCTTCGATGCCTGGATGGACAGCAGCTCGGTCGAGATGAAGATCACCGCCGAGGACGAGGCGATCTCCAAGCGTGGGGGCGTAAAGCGCCGTGTGGAGTCGTTCTTCCCCCATGTCCTCGCCGCCATCGAGGAGTCGCCGGCCGATCGCCCGTTGTTCCTGTACGTGCACTCGATGGCGTCTCACGGTCCGTACCGTCCGCCAAAGCACACTCAGGCGATGCTCGG	3	0	0	0	0
GTGTTTCGGTATAGGGAGCAATGGGGGCACAGATGGCCACACCCCTGTTCTTGGTAATTTCGCTGGCGACAAATCCTATACGACGGATATTGAGGTCCCGGTGGGCCTTGGAAAAGCCAAGTTCACTGGAGAGGTTCCGACGCACGATATCCCCGTCCAGCAGCGAAACGGGGCGGCCCCGCGCTTCTATTAGTTTTGCGTAGATGATACCGGCCAGCGTTGACTTTCCGGACCCCGACAAGCCGGTGAAGAACAGCGTAAATCCCTGTTGGTTGCGCGGGGGGTAGACCTTACGCAGTTCCCAGATAACCTCCGG	3	0	0	0	0
GCTCCTACCGATGGAACCACCAAGTGAGATGTGTTCGGACACTACACCCCCCCACAGTGCCAAGAGGCGCCCAGCAAACACAACAACAACAACAACAACAACAACAGCAAGCACCGAAAAACCAAACCTTTCACAAGGGAAGACTAACTCCACCGTGAGTTAGTATGCTGGGCTTGCCATCCGACGCATGTTAGACTCGCTGCTCTCCTGTTGCTCACCAAGCACACAAGGGGAAGCACGCAGGCACGAAGCAACCACTGCCTTTCGGTCAACACCCACACAGGCAGGTGCAACACAAACACCACACCCGAGTGAAAGTGCTTCGAACTTGGTCGTTTAGAGGAAGGAGAAGTCGTAACAAGGTATCC	0	3	0	0	0
GTTGCTAAGGTAGCATGTGCTCGAAGTGTTTTGTATTAAAATGCTGTATTGAGCAGCAGCCAGTATTACTGGTGAACGACTTAACGATTACTGTCATGTTGACAAAAGACAAAGTCTCAGGAGAACTGGGATATGACCGATTGGCATTGACATAGAGGATTTAGGATGCTCGAGCTCTGGTTTTCCAGTGGCATCGAGCAAAATTTGTCCGATATTTTAATGCTAGAGGAAGCAAAAGTCGTAACAAGGTTGCTGTAGGTGAAC	0	3	0	0	0
CATGGCTACGGTCTTCGGGCTGTGGGAGCGCTACGAGCCTCGGCCGCCCGAACGCGAAATCGACATCGACCTGCTCGAAGCCATGGCATGGATTGCCAGCGTTTCCAAGAGCCTTCAAGAGAACGACGTGCGCCGCGTAGCGCAATTCAGCAAGATTCCCGGTCCCAGGAAAGCAGGCGAGGTCTTGCGCACTCCCGACGAGCGCTTTGCCGATCTGCCCGGGTTTCCCTACCAGCCGAAATATGTCGAGATCGAAGAGCTGCGCATGGCCTATGTCCAGCACGGCAATGGCGACCCTATCCTGATGCTT	0	3	0	0	0
GCACCTACCGTATGTATCTTTTTCATTATTCTAGAAAGGTTCAAATAAAAAGAAGAGTTCAAAGGTGTACCTCTTAATGAGATCCCTTTTTATCAACGATCATATCATTCCTAAAGCATCCGATCTTGTCCCAAATTCGGAAATTAAGCGGAATAGAGTTTGGATAGTACTATGCAACGAGAGTTCATGGGAAGTCCAAATGTTGTTGGTTCTTTAAACTCCTACTTATTTAAATACCTGCTACTCCTGTTTATCACACAAACTAATTTACTGACATATTACACATCAATTTCAAACAAAAAGGATTGTATGCTTAAATGAAATCATGGGATTGGCTGCGCTGTTGGAGCAATCTGACTTGTGGCCGAGAACTAGATTAAATTTAAATGTATAGAGGAAGGTGAAGTCGTAACAAGGTTGCT	0	3	0	0	0
GTTGCTACCGATTGGACTGTAAATAGAGGATTCAAGAGGGCGTGCTCTTCGGAGTTATGCCCAAATTTGCCCGATATTTGTTGTCTAGAGGAAGCAAAAGTCGTAACAAGGTTGCTGTAATTAACCTGCAGCAAATAGAACATTCTAGCTCTCTCATGTGAGAGCGAGATATCTTGATCGAGAGAGGGTCCTGAACCTAACCTCGAGCTGATCCACCGATCAGTGTAACGAATGCCAAGATATCGCCAGTTTCACTGGTTAAGGCACATTCTGTCACCTACTGTAAAGCAGGTGATCAAAA	0	3	0	0	0
TACCGCTGGGTGAGGAATCCATCGCTGCCGGGCTTACCGTGCACATTGCCGCTCTGTCGCGCTCCGGAAGGAAGGGGTCGGTGGTGGTGGACTTCAACCGTACGCCTCTAGACCCCGATGTTCCCCGGCAACTCCGGTTCGCCGGCGCCCTGCTGACGGTACCGCAGTCGGCCGCTTACGAGCGTGTCGTACCGCAGGTTAGCTTTTTCCACCCAGAGACCGATGGCGAGCTGGTCGCCACCGGGATCGGCTACCAGTTCGAGCCGGAAGGAACCAGCTTCGACCG	0	3	0	0	0
TTTACCCACCATTATCTAGTGTGCAAGCTCATTCAGGACCTTCTGTTGATTTAGCTATTTTTAGTTTACATTTAGCAGGTGCTTCTTCTATTTTAGGTGCAATTAATTTTATTGTAACTATCTTTAATATGCGTTGTCCAGGTATGTTTATGCATAAATTACCTTTATACGCTTGAGCTGTTTTAATTACTGCTGTATTATTATTATTATCATTACCAGTATTAGCTGGAGCTATTACTATGTTATTAACTGATAGAAATTTTAATACTACTTTCTTTGATCCAGCTGGGGGTGGAGATCCTATATTATATCAACATTTATTCTG	0	0	0	3	0
GCTCCTACCGATTGAGTGATCCGGTGAATAATTCGGACCTGATTTGATTGCAGTTCGCTGCTATCATTGCAGGAAAGTCTAGTGAACCTTATCACTTAGAGGAAGGAGAAGTCGTAACAAGGTTTCCGTAGGTGAACCTGCGGAAGGATCATTTACACGATGTATATCCAACACCAAACCTGAATCTTACTGTGAGTTCATGATGGTTCGTCCAGAACCTTATCACTTAGAGGAAGGAGAAGTCGTAACAAGGTTTCCGTAGGT	0	0	0	3	0
GCTACTACCGATTGAATGGCTCAGTGAGGCTTTCGGACTGGCTCAGGGAGGTCGGCAACGACCACCCAGAGCCGGAAAGTTAGTCAAACTTGGTCATTTAGAGGAAGTAAAAGTCGTAACAAGGTTTTCCTTCTATAGAAGCCTTGCATTTCAGTCCGCTCAAGCGGGCGACATCCGATTGTTGCTGGGATAGTTGACTCAGGTCGACTGACCAGCAGCCGAGCACCCGGGGCACCCCCCTAAGTGCTTGGTCCACAGATCAATCACGGGTGGTTCAGCTGGCGAGTCCAGTTGAATTGAGCTATGACCGGCCCCATCGTGACAGCGATGGAGACTAGCGTTCC	0	0	0	3	0
TATATCCTCCTTTATCAATAATTGAAGGTAAAGGTGTGGATTTTGCTATTTTTAGTATACATTTAGTAGGTGTTTCCTCATTACTGGGTGCAATAAATTTTATAACTACAGTAATGAATATGCGTCATGTAGGTTTAAATATGCATATAGTACCTTTATTTGTTTGAGCTGTTCTTATAACAGCAATTTTATTATTATTATCTTTACCTGTTTTAGCAGGTGGTGTTACAATGTTATTAACAGATAGAAATTTTAATACAACTTTCTATAATCCCGCAGGTGGAGGGGATCCTGTTTTATATCAACATCTTTTTTG	0	0	0	3	0
TTTATCCACCATTAAGTGGTATTTTAGCTCATTCTGGTGGTGCTGTAGATTTTGCTATTTTCAGTTTACATTTAGCTGGTTTATCTTCTTTATTAGGAGCTATAAACTTTATAGTAACAATTTTTAATATGAGAGTTCCTGGTATGCGTATGAATTTAATTCCTTTATTTGTATGAAGTGTTTTAATTACTGCATTTTTACTACTATTATCTTTACCAGTTTTAGCAGCAGCTATAACTATGTTATTAACTGATCGAAATTTTAATACTTCATTTTTTGATCCTACAGGGGGAGGAGATCCTATTTTGTATCAACATCTTTTTTG	0	0	0	3	0
GACCGCCACAACCACGAGTGGACCAATGTGGAGTACCGGGTGATGCGGGCGCTCGTGGAGGGGTACCTGACCCAATGCGCCCTCCGGACCAAACAGAAGGGCAAGTACGTCACCGTGGCATCCGAACTCCCCCAGACCGCCGGTATCTCGGAGAACTCCACCCTCACCCCCACCTACTGGGAAGATGCCTCGAAGCTGGCCACCTTCGATGTCGTCTTCTACGAGACGCTGTTCAAGGCCCCGACGGGCAAGGTGAACCTGCAG	0	0	0	0	3
TTTACCCTCCTCTTTCAGGAATTATTGCCCATGCAGGAGCATCTGTAGATTTTGCTATTTTTTCCCTTCACCTGGCAGGAATTAGCTCTATCCTGGGGGCTGTAAATTTTCTTAGAACCCTAGGAAACCTTCGTGCCTTTGGAATCTTATTAGATAAAATACCTCTTTTTGCATGAGCTGTCTTAGTAACAGCCGGCTTACTACTACTATCTCTACCTGTTTTAGCTGGCGCAATTACAATATTGCTCACAGACCGAAACCTAAATACCTCTTTTTACGATGTTGGAGGTGGGGGGGATCCAATTTTATACCAGCACCTTTTTTG	0	0	0	0	3
AAAAATGCCCCCAGCGGTACATCGGCAATGAGTCTGATGTCGACCGCTTCTTTTAACCGTGTTATAAGCTCTTCCTGCAGACTATCGGAATCGTTGTTTTCCAGGGGGGAAAATGGTAGATCCCAGTATTCCTTTTGCTTGGCTAAAACATCGCCACGTTTAATACACATCATGTGCCCTGGAGCTAGCTTGTGTGTATTTTGATAAATCGTTTTCGGATCGGGGATATAACCAAATGAAAAGTAATCCTCGACCGCTTGTGGGTTTAGCCGTTTAACCAGCC	2	0	0	0	0
AGGACGAACCAGATCCACCTTTCATAGGACCATCACGCCCTGATCAACCTAAACACGAGATCATCGATCCACCGATGTATCGTCCTGCACCGTTACCACCTAAACCTACTTCTGTTCAGAAGAATTTGCCGAAACGTATCGAAAAATTATGGAAAATTTTCATACGAGACGTTCAGCAAGCTTGGAACAAAAGTAATACCTCAAGTTTTACTTGGGATAATCAAGGTTCTATGACTATTAATTTCAGAGCTTATCTAGATTTATGTGGTCTACCACGGGATTTGCTACTGCAACATCTCACTGATCGCCTAAAACTGGAAAATATTGCAGCCGCAATGAAAGCTGAAATTATAAGAAAGTTACCTGTGAAACTTGTAGATTATAATAAGAATCGTATTCATTATATCTACAAGACATCACAATTTACT	2	0	0	0	0
CGCTGTGGTCAGGCTCTCGAAGATGCCGTCCCCGTAGAGAAAGCCATGATCGAAGGCGGATACTTTGGCCTCCTCCGCCTCGACAAACTCACCGTTCACATAGCAGATGAGGGACATGCCGCCTCCGGCGATTCAGGAAAAGCTGTTGGGAGGAAAACCCCCTACATCGCGCACCAGCCGTCGTCCACGATCAGGTCGTGGCCGTGAACGGCGCTCGCCTCGTCCGAGGCGAGGAAGACGGCGGCCCCGGCCATCTCCTCGGTCGAGATATAGGCGCGGCCGGTCGGGGTGTAGCTCTCCATCAGCTTGACGAACTCGGTGTCGTCCTGGAGGTGCTGGTTGAGCGGGGTGGCGGTGTTGCCGGGGGAGATGGAGTTGACGTTGATCCCGAACTTGGAGATCTCGGCGGCCAGCGCGCGGGTGATCATGTGGACACCCCCCTTGCTGGCGCA	2	0	0	0	0
CGGTGATCGAGTTGATCGATCTGCGCAAAACCTACCGCGTGGGCACCGAACTGGTCTATGCGTTGCGTGGAACGGACCTGACGATCCGCGAGAACGAGTACGTCGCGATCATGGGACCGTCGGGCTCAGGCAAAAGCACGATGCTCAATATTCTGGGCTGCCTCGACATTCCCACCAGCGGGACGTATCGCCTGAGCGGCCAGGATATCTCACGCTACTCGCAGTCGATGCTGGCGCGCATTCGCGGGGAACAAATCGGGTTTGTGTTTCAGTCGTTCGAATTGCTCGGCCGTACAACGGCGCTCAAGAACGTCGAGCTGCCGCTTTCGTATTCGCATACGCGCCACCGGCGGCAGCGCGCTCTGGAAGCGCTGCG	2	0	0	0	0
CGTGTAACAATCAAGTCCAGTGAGGCGAAGAACATGGCAAAGGTCGGGCAACCGCCACAGGTCAAGTGTGTATTATCGTTTGAGGAGATCGAGAAGAAGTTGGTATGTAATGTCACCAACTTTAAGCTGATTGCACGCAACACCAACGAGCCGGACAGCGACAACTGGGCTGGCAAGTAGATTGACCTGTGGTTTAATCCTGACATTGAGTATGCGGGTGAGATAACGGGTGGTATTCGTGTGCTTACGCCACAGCCACAGGTTACGCCGGCTGTGCCAGTTGCCCCGACAGCACCTGATGGGTGTCCC	2	0	0	0	0
CTGAGGCAGCCCAGGGAAAGCGTGTGACCTTGATCTTTCGACCTTCACTCTTGGCTTGTGCTTCCGTCAATCCACACCAGGCCACCTCCGGGTCGGTGAAGACTACGGCCGGGATGGCCACATTGTCAAAAGCCGCCTCTTGGCCCGCCATCACCTGGGCCACCACCTTCCCTTCCGCTGTGGCCTTGTGAGCCAGCATCGGCTGATTAGCCACGTCACCGATGGCAAAGATCTCGGGGTCGCTCGTACGGCACTGTTCATCGATCTTGATGGCCCCCTGTTCATCCCTTTCGACCTTGGTGTTCTCCAGACCCAAATGATCCGAATTGCTCTGGCGTCCTACAGACACCAGGACCTTTTCAAAGATCTGCTGCTCGGTCGTCTCGCCCTCGAACTTCACTTCGATGCCCTGCTGGGTCTCCTTCATTGCCACCACCCGGGTAT	2	0	0	0	0
GCTATTCTCGATTGAGGCCGGTGGTGAGGACGTTGGATCTGGCGTGTCGGAGAGCTTGCTTTCCAATCGACGGAAAAGTCGTTCAAATCATCGGTCTTAGAGAGAGTAAAAGTCGTGTACGTAACAAACACACACACTCTTGCCTCTCTGAGATTCCGATTCAGCTCACATGTCGTTCCAGAACAAGGTTTTCGTAGGGTGCGTACTCCAACGCATATTCCTAGCCTTGTGAAAGTTCGACTGAAGAATGCTCACGTGCCCCGC	2	0	0	0	0
GCTCGACGTTATGCGCCAATGCTGGCGCGAGGGTTGAGTGCGAAGGGGGCCCGCGTCTCGCGAATCGTCGTTCCCGATGGCGATGCAACGAAGAGCCTTGCAGAACTGGGCCGGCTCTACGATCGCTTCCTCGAATTGGGGCTCGATCGTCAATCTGCCATCGTCACCCTGGGCGGCGGGGTGGTCGGTGATCTGGGCGGCTTTGCCGCGGCAACCTATCTGCGCGGAATTCCCTTCGTTCAGGTTCCGACGACCGTTCTCGCCATGGTCGATGCTTCGATCGGCGGAAAGAC	2	0	0	0	0
GGTAAATTCTTTTTTTTTAAATTAATATTTTTATATAAATAAACTAACCCAATCTTTTTTTTTAGCTCCTACCGATGAATGGTCCGGTAAGGACTTGGGACTGCAGCTCAATTGTTTGGGGCAACTCGGGCAGAGCATGTTGGAAACTCGTTCAAACCTTATCATTTAGAGGAAGGAGAAGTCGTAACAGTAAGTTTTTGTTTGTTTGTTTTTTTTTGTTTAATTTAAAAAAATCATTTTCTAACTTTCTTTTTTCTTTTTCCCCCCTTTCCTTCATTTTAACAGAGGTATCC	2	0	0	0	0
GTAAAGGTCTCCACCCGGTACCCGGGGGCGAGCGCCGAGGTGATCGCCCAGACGGTGGCGGTTCCCATCAAGGAGCAGGTCAACGGGGTCGAGGGCATGCTCTACCTGTCCTCCAAGAGCTCCGACGACGGCTCGATGGACCTCACGGTGACCTTCGCGGTGGGCACCGACATCGACATGGCGACGGTGCTGGTGCAGAACCGCGTCGCGATCGCCCAGCCGTCGCTGCCGCAGGAGGTGAAGAAGGAGGGCGTCACCACCAAGAAGCAATCCACCGCCATCGTGCT	2	0	0	0	0
GTCGGCTGAAAGAAGTTGTTCGACCTGCTTTGATCTCTCCCCGGAAATATAGAGGTAGGCGATAATATTCGTATCAACAACAATCAATGCTCAAGGCCGGCCGCGGTTTTTAGCTGCGTTCAGCAATTCGTCTGTCAGTGGGTATTCAGCGGTTTTTTCCCTGATCTTTCTGGCGGTCAAAATGTGTTCGGTGACATCAATTTTGTAAGGCATAAGCGCCCGCTCAACGCAGTAAAGTATTTCGCTATTCAGGCTCCTGCGGTG	2	0	0	0	0
TGACGAAATTGCCAAACAATGGATTTGTTTCTGCAAGCGGACCACCTCACGCACGAATTTCCCCGTTTGTGTATTGAACTGGCGAACGGCGCCGTCATAGCATCCGGTGAAAAACGTCTCGCCCTTCGGGTCAAAAGCAACCGCCCTGACGCCGTCGGGATGCTCAAAAGGCGCATGAACAGGGTCGCCGGTTCTTGAATCCCAAAGTCGAGCGGTCCGGTCCATGCTGCCGGTCAGCAAGAGTGTGCCACCAGGATGAACCGCGATCGAAACAGGATAACTGTTGTGGTGAAACGTTGTCCGCA	2	0	0	0	0
TGGGCGACGGGCGAGGGCGCCTGGCCATTGCTTGCGGCAGGGCAGTTGCGACCGGCGGCTGCGCGCTTCGCCGTCGCGGCGCTCGAGCGTCCTGGCGAATCTGATGCGAGAGTCGGTTATGCCTTGGCCAAAGCCGCCGGCGGGGAATTGGCTGAAGCTGCTTGGGCGCTTCGTCGAGCATTTCTAGGCGGTAGCGACGTAGCGACGTTGTCCTTCGAGCATCCGGAGATCGTGAACCTCGCCCGTGATCTCATCGTTCGCTACGACGCCGCTTCGCCGAGTTCTACCGCCCAGCGGCTTGATTTCGATTTCGCACCCGTTGCTCTCGCGTATTTGGCCGGCGATGCGCGCGCTGCGGCAAAATCAGCCGCCATGCTCAAACCGGACTGTCTCGCCGAGGGTAC	2	0	0	0	0
TTTATCCACCATTATCAGGTATTTTAGCGCATTCAGGGGGTTCCGTAGATTTAGCTATTTTTAGTTTACATTTAGCAGGTGTTTCTTCATTATTAGGAGCTTTTAATTTTATCACAACTATTTTAAATATGAGAATAAAGAATATTACTATGATGAGAATACCTTTATATGTTTGAGCTGTATTTTTAACAGCTATTTTATTATTGTTATCTTTACCTGTATTAGCAGGAGCAATTACTATGTTATTAACAGATAGAAATTTAAATACAACTTTTTTTGATCCAGCTGGTGGTGGTGATCCTGTATTATATCAACATTTATTTTG	0	2	0	0	0
GCGAGCGGGCTCCCTTGCAGTGATAGATCTTGATCATCGAGTCCGCCTTTCTTCGAGTGGGCGAGAGACTAGCGCGAGCCGGGGATCCGCGCCACCGAGAAGGAAGGCTTCAGATCTTCGAGGGCGGCTCGCGACTCGACCAGGCGCTCGTCTCGCCCGCCTCGAAGCCGTCGGCGAACACCTCGTCCGCCCGAGGAAGGATACTGCCGCTGATCACGGGGCCTCGGTGACTGACGCCAACCTCAATGTCGAACTTGCTCCGCGCCGTGTCGATCGTCGAGGGCAGATCGGGCGAGAGAGGCTCGTCGAGGAAGAGGGATACGTCGACACCCAGGTCGTGGTAGTTCCCCTCGAGGGTGATCTCGATGGACGAGGTTTC	0	2	0	0	0
GCACCTACCGGTAAGTTGGAGTAGACTTCATCACATCAGACATAAAGATTTTTATGATGCCACAACCTCATTCTAACTCCCTGTAATTTTTCTAACTCCCTGTGCCCACTCTACCAAATAGATTGAATGGTCCGGTGAAGCCTCGGGATTGTGGCCAGTGCCTTTATTGGTGTTGGCTGCGAGAACTTGTTTAAACCTTATCATTTAGAGGAAGGTGAAGTCGTAACAAGGTTTCCGTAGGTGAACCTGCAGAAGGATCACTGT	0	0	2	0	0
GCAGAACTTCAGGAGATCGGCATCTCCCGCCTTAGTCTCGGACCAAGACCCATGCGGGCTTTGCTTGTGCTACTGAGACGTATTGCGAGAGAGTTGAAGGCAACAGGAACGTATGGGTTGATGGCGGACCCGTCTATTACGTACGCCGAAGTCAATCGGTGGTTTTCCAATGACTAGAGAACCGCAGTGCAAAAAAAACGGGCCCTCAATCGAGAGCCCGTTTTGATTTCTGACGATTACTGACTATTAGCGTCGATCAGTCAAAGTACGCGCGTAATGTCAGGCCGTAGGTACGCGGCTGGTTCGGATAGCCGCT	0	0	2	0	0
TGATCCATGACTTTAAGGATGTGGTTCTTGACCACCACCTCGAGGGCGTCGCTTTCGATCACACCCGAGGTGAGCATGTCGTTGGGGAGCTCGGCTGGGGTGATCTCCGTCCCCTTGGCCAGAATCACACCCCGCTCCACCATGTTCTCGAGCTCCCTGACGTTGCCAGGCCACGGGTAGCTGAGCATGATGTCCACCAGCTCCGGGGAAAAACCCCTGACCGGGGAGTTGTTCTCTGCCGCGTATTTGCGCCGAAAATGCACCGCCAGGGGCAGCACATCTTCCGGTCGCTCACTCAGAGGTGGGAGCTGGACCGACAGCACGTTCAAGCGATAGTAAAGGTCCTTTCTGAACCGGCCCTCCTGGGTCGCGGTTTTCAGGTCCTTGCTGGTCGCCGCGACAACCCGGACATCGACCTCGATCTCTTCATTGCTGCCGAGGCGCGTGATCTTCTTCTCTTCCAGTGCTCGCA	0	0	2	0	0
TTTATCCCCCATTATCAAGTATAGTAGCCCATTCAGCTCCTTCTGTTGATTTAGCAATTTTTAGTTTACATTTAGCAGGTATCTCATCTATAGCAGGCGCAATTAATTATATTACAACTATTTTTAATATGCGACTTCAAGGATATACTATGTTTAGGATGCCTTTATTCATTTGAGCATTATTAATTACGGCTTATTTATTAGCATTTACTTTACCTGTATTAGCAGGTAGTATAACTATGTTATTAACAGATAGGAATTTTAATACAGCTTTTTTTGATCCTGCGGGAGGAGGAGATCCTATCCTATTTCAACATTTATTTTG	0	0	2	0	0
TTTATCCTCCGTTAAGTAGTTATTTTGCACATTCAGGTCCGTCTGTAGATATTGCTATTTTTAGTTTACATATCGCGGGTATTTCTTCTATATTAGGTGCTATTAATTTTATTGTAACGGTTTTTAATATGAGGTGTAAAGGTTTATTTTTACACAGAATTCCTTTATTTAGTTGATCTATCATTATTACAGCCTTTTTATTATTATTATCTTTACCTGTGTTAGCTGGCGCAATTACTATGTTACTAACTGATCGTAATTTTAATACATCTTTTTTTGAACCTTTTGGAGGTGGAGATCCCATATTGTACCAGCATTTATTTTG	0	0	2	0	0
TTTATCCCCCTCTTTCTAGAAACCTGGCACACAGGGGAAATAGGGTGGATTTTGCTATTTTTAGCCTTCATTTGGCGGGGGCATCCTCTATTTTAGGGTCAATTAATTTTATCTCCACAGTTTACAACATACGGTCTCCCTTGCTGTCCTTTGATCGTGTAACTCTTTTTGTTTGGAGAGTTATTTTGACTACCATTTTACTTGTTCTCTCACTTCCTGTTTTAGCAGGTGCAATTACTATACTTTTAACTGACCGAAATATTAATACTTGCTTTTTTGACCCATCTGGGGGGGGTGACCCGGTTTTGTTTCAGCATTTATTTTG	0	0	0	2	0
GTTGCTACTGATTGGCTGTAGGGTAGAGATCGGCGGATTTTGGGCAGTTGAAACGTTTTTTTTGTCACTAGTGACAACGAAAACGTTTAGTGACAGAAAAAACGTATCCCCGACAGGCTCAGATCCTTAGCGATGTTGCCCTTGACGGTGTCACCAGGCCGGCTGGCTGGTCCTCTATGCTCGAATCCTTAAGGAATTCTTAAGGAATTTCGCCTGGGCGTCCACTGGCAGGCTGGCCGGAATAATTAATTAATCACCACCCAAATCGCGGATCTATTCTTTTTGTCACTAGTGACAACAAAAGCGTTTCAGTTGGGGCAACTCTTCTGTCTAGGAGAAACCTATCAATATTCTGCAGCTAGAAGAAGCAAAAGTCGTAACAAGGTTGCT	0	0	0	2	0
GTTGCTACTGATTGGCTGTACAGGCCGCTCGCGAAAAAAATATGCGGGGAATTAATATGCGGGGGAATATAGTATGCGGGGAATCGAAATAATATGCGGGAATGTTTTCCCGCATACTGGATTTTTCGGGAAAACTAAACGCATTTACAAAAATGTGATACATATTTGTTTTTATTCCGGGCGCTGGAATTTTCGAAGGTCCCGCAACTATTTCCGCGAGTGGCCTGTAGGGTAGAGATCGGATCGCGACCTCTTGGGGCAACTCATTTGGTTTGAGAAACCTATCAATGTTCTGCAGCTAGAAGAAGCAAAAGTCGTAACAAGGTTGCT	0	0	0	2	0
AGGTTGGAGCGAACTTCAAGCTGGATCTGGACTTTAATGAACGGCTCCTCAACGCGGCTTCGGCGTTGCCCGTGTTGGCGGAATTGGATGAGTTTCCGAACGTTGCGATTTACGAATCGCCCATTCCGCAGAGCGACGTGGCGGGAAACCGTCGTGTCCGGGCAGCCGCGCGGCGGCCCATTTCAATGCATATCGGGAACCCGCCCATCACGACGGCACTGAAGGAGGAGGTGACGGACGGGTTTGTTGTGGGCGCCGGTCCTTCGAGCGTGATGCAATGGGCAAGGCTATGCGA	0	0	0	2	0
CACTTTCATGCCTCGCTGATCGACGCGGTGGATGTTTGGTACACGCAGCATCAACAGCTTCCCGTGGCTGCCGAACTGATTCAGGACGGTTATTTGAACGTGTCCGAGGCGTTGGTGGATTACTGGCAGCGCTGGTTCGACTCACTGCCGAACCTTGCCGGAAAGAAAATCGGCATCAACTGGCAGGGCAATCCCGGGCATCACGCCGACGTCTATCGAAGTCTGCCCTTAGCGGCGCTGGAGCCATTGGCAAACGTGCCCGAGGTCAG	0	0	0	2	0
GCTCCTACCGATTAAGGACACGAATCACTTATGCACAAGTGACAAAAAACCGTGAGTCAGTTCAGTTCAGGCAGTTCAGTTGCGTCCGCTGAACTGATTTTCATATCAGTTCAGTTCAGTTATATACGGTCCTGCTCTCAGTTCAGTTCAGTTCAACTCAGTTAGTATGTCTGGCATAAATTTCATTAAATTTCATATATTTTGAATGGACATTTGTCAGTTCAATGTCAGTTCAGTTGCGTCCGCTGAACTGATTCACATGTCAGTTCAGTTCAGTTCCTGTCTTGAAAAGCAACTGAACTGAACTGAAGGTGATTCGTGTCCTTACTACCGACTTAGTGGTCCGGTGAATAGTTCGGACTGCGGCTTTTCTCGGTCCCCGAGAGAATGCCGCGGGAAGTTCAGTGAACCTCATCACTTAGAGGAAGGAGAGGTCGTACCAAGGTTTCC	0	0	0	2	0
CCAGGGGCGCGCTGGTCATCCACGCGCCTTCGTCGTGCATGGAGTTTTACAAAAACCACCCCGCCCGCAAGCGTGCCCAAGCCGCCCCAGCCGCCGCCGTGCAGCCCAAGGCCATCGGAAGCTGGTGCCACTGGATCGACAAGGTGGAGGAAAATCAAGGCTACCCGGTCGACCACTCCGACGGCGGTGAGGACGACGACCCCGCGGAGCACGCCGCCTGGGCCAAGCACCTGGCCGAGCTTGGTCGCAACCCGGGCAGCCCGTGGAAACG	0	0	0	0	2
GAAGTCAAATGACCGGCCGCGAACAACTCCTGGACGATCTGAACGATCAGCTCTCGCGCTTCGATATCACTCGACATTCGGGATCCTCACCCCGCAGCACCGGGAATACCCGAATACTAACCGCCCGGCGGCAATCGGGGGGGGGCTTTTCAGCCGCAGCTGCGGTTGTATCCTCGGCGCGCTCGTCTGGGAGAACGATATGGCCGCGGAAGAATTCGAGTTCCAAGCCGAGACCAAGCAACTCCTCGACTTGATGATCCACTCCCTGTACTCCAACAGGGACGTATTTCTGCGCGAGCTGATCTCAAACGCGTCGGATGCGCTGGACCGGCTGCGCTTTGCAGGGCTGACCGACGCCGAACTGCTCCCGCAGGAGCCGCT	0	0	0	0	2
GTTACTACTGATTGGCTGTAGGGTAGAGATCTGCAGATTTCGGCATCTTGGAGCAACCCTCGTTGCTGGGAGCAAGGCTCGGGAATTTCTTCGTTCTAGGCCGGAAACCTTTCGCCGAACCGCGGGATTTTTTCAAAAAATCCCCCAGACCCCGATTTCCAATTCCCCACAAAATCACAAGAATTCTCCAAAATCCCCAAAATCTCAAAATCCAAAAAATTGCAAATCTCGAAATTCCCAGAAATGCTAATTGTTTTAAAATCCCTGGAATTTGATTCTGAAGGAACTTTCTTCGTTTCCTGGAGGCTGGGATTTAAAAAAATAGGAAGTCCCTTCGAATCATTTCTCCCTTGGAGAAATTCCCAAACCCTGGCTGGGAGGAACCTATCAATATTCTGCAGCTAGAAGAAGCAGAAGTCGTAACAAGGTTGCT	0	0	0	0	2
TATATCCTCCTTTAGCGGGTGTAGAAAGCCATTCTGGAGGATCTGTTGATTTTGCAATATTTAGTTTACATATAGCAGGTGCATCTTCTTTATTAGGAGCTATAAATTTTATAACAACAGTTATAAATATGCGATCACCAGGTTTAGAAATGTATAGATTACCTTTATTTGTTTGAGCTGTTTTTATAACAGCATTTTTATTATTATTATCTTTACCAGTTTTAGCTGGTGCTATAACGATGTTATTAACGGATAGAAATTTTAATACAACTTTTTTTGATCCAGCAGGTGGAGGTGATCCTATATTATATCAACATTTATTTTG	0	0	0	0	2
TTAAGCGAGTGTCAGACATTGAGCTAGAAAAATACAGGAAGGGAAAAGGTAATGATCAAAATATACGACAAAATATTGTAAATTTATTAATACGGAAATATATTAATAAGGAAATAAATAAATAAACACACAAAGGCGCCGCTGTCCCTATTCAGACAAATAAGACCCGTAAAAAAAGACCTTTGGAAGTCGGGTTAGTGGCGGGCCAGCCGTCTCTTCTGAGGCCGCTGAACATGAAGCAGTCTCCATGTGACAGATGCCGTTTGCGGTGTTAGAGTTGTTGTGAGTAGAAATCCTGTACTAGCGAAGACGATCTCTGGCAAGTCGGCTCTTCTAAGAACCCTAAATTACGCTAATTAGATTTGCTGCTCGCGAACGTATATAAGTAAAAGTCGTAACAAGGTTTCC	0	0	0	0	2
