	SRR14899737	SRR14899738	SRR14899739	SRR14899746	SRR14899747	SRR14899748
CGTGCCAGCCACCGCGGTTATACGAGAGACCCTAGTTGATATACTCGGCGTAAAGAGTGGTTATGGAAAACAAGCACTAAAGCCAAAGAGCCCTCAGGCCGTTATACGCACCCGGGGCCTCGAACCACTATCACGAAAGTAGCTTTACCCTCGCCCACCAGAACCCACGAGAGCTGGGACACAAACTGGGATTAGATACCCTATG	0	0	0	189	0	0
CGTGCCAGCCACCGCGGTTATACGAGAGACCCTAGTTGATATACTCGGCGTAAAGAGTGGTTATGGAAAACAAGCACTAAAGCCAAAGAGCCCTCAGGCCGTTATACGCACCCGGGGCCTCGAACCACTATCACGAAAGTAGCTTTACCCTCGCCCACCAGAACCCACGAGAGCTGGGACACAAACTGGGATGAGATACCCCACGAT	0	0	0	0	156	0
CGTGCCAGCCACCGCGGTTATACGAGAGACCCAAGTTGATAAACACCGGCGTAAAGAGTGGTTAGGGCAAACTATTAAACTAAAGCCGAACGTCTTCAAAGCTGTTATACGCATACGAAGAACAGAAACACAACCACGAAAGTGGCTTTACCCCACCGGACCCCACGAGAGCTATGCCCCAAACTGGGAGGATACCCCACTATG	0	0	105	0	0	0
CGTGCCAGCCACCGCGGTTATACGAGAGGCCCAAGTTGACAAACACCGGCGTAAAGCGTGGTTAAGTAAAAACTCACACTAAAGCCAAACATCTTCCAGGCTGTTATACGCAACCGAAGACAGGAAGTTCAACCACGAAAGTGGCTTTATCTAATCTGAACCCACGAAAGCTAAGGAACAAACTGGGATTACCCCACTATG	0	0	62	0	0	0
CGTGCCAGCCACCGCGGTTATACATAAGGTAATAGCTAATAAAATATGGTAAAAAATGTGGTAAGAATTAGTTTAAGTAAAATAAAAATACCCTCTAGCAGTAATAAGCTAACAGAACTTAAGTTACAATAACAGCAATATAATTTTACCTTCTCTCACCCCACTAAAGCTCTAACACAAACTGGGATTAGATACTG	0	0	50	0	0	0
CGTGCCAGCCACCGCGGTTATACGAGAGGCCCAAATTGATGAAAAACGGCGTAAAGCGTGGTTAAGAAAATAGGAGAAAATATGGCCGAACAGCTTCAAAGCAGTTATACGCATTCGAAGCCACGAAGAACAACCACGAAAGTTGCCCTAAGACCTCTGATTCCACGAAAGCCATAAAACAAACTGGGACCCCACTATG	0	33	0	0	0	0
CGTGCCAGCCACCGCGGTTATACGAGAGGCCCAAATTGATGAAAAACGGCGTAAAGCGTGGTTAAGAAAATAGGAGAAAATATGGCCGAACAGCTTCAAAGCAGTTATACGCATTCGAAGCCACGAAGAACAACCACGAAAGTTGCCCTAAGACCTCTGATTCCACGAAAGCCATAAAACAAACTGGGATTAGATACCTATG	0	0	31	0	0	0
CGTGCCAGCCACCGCGGTTATACATAAGGTAATAGCTAATAAACTATGGTAAAAAATGTGGTAAGAGTTAGTCCGAGTAAAATAAAGATACCCTCTAGCAGTAATAAGCTAATAGAACTTAAGTTACAATAACAATAATATGATTTTACCTTCTCTCACCCCACTAAAGCTCTAACACAAACTGGGATTAGATACCCCATG	29	0	0	0	0	0
CGTGCCAGCCACCGCGGTTATACGAGAGGCCCAAGTTGACAAACACCGGCGTAAAGCGTGGTTAAGTAAAAACTCACACTAAAGCCAAACATCTTCCAGGCTGTTATACGCAACCGAAGACAGGAAGTTCAACCACGAAAGTGGCTTTATCTAAGCTGAACCCACGAAAGCTAAGGAACAAACTGGGAGATACCCCACTATG	27	0	0	0	0	0
CGTGCCAGCCACCGCGGTTATACATAAGGTAATAGCTAATAAAATATGGTAAAAAATGTGGTAAGAATTAGTTTAAGTAAAATAAAAATACCCTCTAGCAGTAATAAGCTAACAGAACTTAAGTTACAATAACAGCAATATAATTTTACCTTCTCTCACCCCACTAAAGCTCTAACACAAACTGGGAGTATACCCCACTATG	0	27	0	0	0	0
CGTGCCAGCCACCGCGGTTATACGAGAGGCCCAAGTTGACTGAGAACGGCGTAAAGAGTGGTTAATGATAAGAATTGAGAATAGGGTCAAAATGCCTCAAAACAGTTGAATGTACTCGAGGCTATGAAGAACAACTACGAAAGTGTCCCTACCAAACGTGAATCCACGAAAACCACAGTACAAACTGGGATCCCCACTATG	0	21	0	0	0	0
CGTGCCAGCCACCGCGGTTATACGAGAGGCCCAAGTTGACAGACATCGGCGTAAAGAGTGGTTAAGTTAAAATTGTACTAAAGCCGAACATCCTCCAGGCTGTTATACGCATCCGAAGATAAGAAGTTCAACCACGAAGGTAGCTTTATTTAGTCTGAACCCACGAAAGCTACGGCACAAACTGGGATTAGATACG	0	0	20	0	0	0
CGTGCCAGCCACCGCGGTTATACGAGAGGCCCAAGTTGACTGAGAACGGCGTAAAGAGTGGTTAATGATAAGAATTGAGAATAGGGTCAAAATGCCTCAAAACAGTTGAATGTACTCGAGGCTATGAAGAACAACTACGAAAGTGTCCCTACCAAACGTGAATCCACGAAAACCACAGTACAAACTGGGATTAGATACCG	16	0	0	0	0	0
CGTGCCAGCCACCGCGGTTATACGAGAGGCCCAAGTTGACAAACACCGGCGTAAAGCGTGGTTAAGTTAATAAATCACACTAAAGCCAAACATCTTCAAGACTGTTATACGTAACCGAAGACAGGAAGTTCAACCACGAAAGTGGCTTTATCTGATCTGAACCCACGAAAGCTAAGGAACAAACTGGGATTAGCCCCACTATG	0	0	0	14	0	0
CGTGCCAGCCACCGCGGTTATACGAGAGGCCCAAGTTGACAAACAACGGCGTAAAGAGTGGTTAGGGGATTTAATAAACTAGAGCCGAACGCTTTCAAAGCTGTTATACGCACCCGAAAGTATGAAACCCAATTACGAAAGTAGCTCTACCTATCCGGAACCCACGAAAGCTAAGGAACAAACTGGGATGAGAGACCCACTATG	0	0	0	13	0	0
CGTGCCAGCCACCGCGGTTATACGAGGGGCTCAAATTGATATTACACGGCGTAAAGCGTGATTAAAAAATAAACAAACTAAAGCCAAACACTTCCCAAGCTGTCATACGCTACCGGACAAAACGAAGCCCTATAACGAAAGTAGCTTTAACATCTTTGAACTCACGACAGTTGAGGAACAAACTGGGAGTACCCCACTATG	0	0	12	0	0	0
CGTGCCAGCCACCGCGGTTATACGAGAGGCCCAAGCTGATAGACCCCGGCGTAAAGAGTGGTTAAGATAAACTTAAAACTAAAGCCGAACACCCTCACAGCTGTTATACGCACCCGAGAGTAAGAAGCCCAACTACGAAAGTGGCTTTACAACCCCTGAACCCACGAAAGCGAGGACACAAACGGGGATGAGATACCCACTATG	0	0	12	0	0	0
CGTGCCAGCCACCGCGGTTATACGAGAGGCCCAAGTTGACAGACATCGGCGTAAAGAGTGGTTAAGTTAAAATTGTACTAAAGCCGAACATCCTCCAGGCTGTTATACGCATCCGAAGATAAGAAGTTCAACCACGAAGGTAGCTTTATTTAGTCTGAACCCACGAAAGCTACGGCACAAACTGGGATTAGACCACTATG	11	0	0	0	0	0
CGTGCCAGCCACCGCGGTTATACGAGAGGCCCAAGTTGACAAACACCGGCGTAAAGCGTGGTTAAGTAAAAACTCACACTAAAGCCAAACATCTTCCAGGCTGTTATACGCAACCGAAGACAGGAAGTTCAACCACGAAAGTGGCTTTATCTAATCTGAGCCCACGAAAGCGAAGGAACAAACTGGGATGAGAGCCCCACTATG	0	10	0	0	0	0
CGTGCCAGCCACCGCGGTTATACGAGAGGCCCTAGTTGATTCACTCGGCGTAAAGAGTGGTTATGGAGAATAAAATACTAAAGCCGAAGACCCCTTAGGCCGTCATACGCACCTAGGGGCTCGAATTATAGACACGAAAGTAGCTTTACCCCTTCCCACCAGAACCCACGACAGCTGGGACACAAACTGGGAGTGATACCCACTATG	0	7	0	0	0	0
CGTGCCAGCCACCGCGGTTATACATAAGGTATCAGCCAATAAAAAATGGTAAAAATTGTGGTAGGAAAAACTTCACTGAAATAAAGATAAGCTTAAGCAGTAATAAGCCAACAGCAATTAAATTACAAAAACAAAAACCTAATTTCACCCTTTCGCAACCCACTAAAGCTCTAAGACAAACTGGGATTAGACCACTATG	0	0	0	4	0	0
CGTGCCAGCCACCGCGGTTATACAGGAAGGGCGGGTGTTACTCTTCGTTATTAGGCGTAAAGGGTCTGTAGGCAATTTGATAAGTTGAAGTTTAAATTTTTTAGCCTAACTAAAAAATAATTTCAAAACTGTCTTATTTGAGTTTAATAGAGGGTAGTAGAATTTCTAATGTAGGGATAAAATCCGTGGATATTAGGAGGAATTTCAGTGGCGAAGGCGGCTACCTGGGTTATAACTGACGCTAAGAGACGAAGGCTTGGGGAGCAAACTGGGATTAGATACC	0	0	0	2	0	0
