Cluster_0	Tubulinea_555369;Echinamoebida_2681631;order_family_Vermamoeba_1260114;family_Vermamoeba_1260114;Vermamoeba_1260114;Vermamoeba	83.495
Cluster_5	Arthropoda_6656;Insecta_50557;Coleoptera_7041;Corylophidae_196998;Sericoderus_295822;Sericoderus	85.616
Cluster_6	Arthropoda_6656;Insecta_50557;Diptera_7147;Tabanidae_7205;Tabanocella_415259;Tabanocella	85.517
Cluster_7	Arthropoda_6656;Hexanauplia_72037;Calanoida_6833;Spinocalanidae_201680;Spinocalanus_201681;Spinocalanus	77.707
Cluster_9	Cnidaria_6073;Scyphozoa_6142;Semaeostomeae_6143;Cyaneidae_27802;Cyanea_27803;Cyanea	78.523
Cluster_10	Arthropoda_6656;Insecta_50557;Diptera_7147;Agromyzidae_127399;Ophiomyia_341050;Ophiomyia	86.111
Cluster_11	Ascomycota_4890;Pichiomycetes_3239874;Serinales_2916678;Metschnikowiaceae_27319;Australozyma_3300567;Australozyma	89.776
Cluster_12	Arthropoda_6656;Insecta_50557;Orthoptera_6993;Gryllotalpidae_208677;Gryllotalpa_208679;Gryllotalpa	84.354
Cluster_13	phylum_Phaeophyceae_2870;Phaeophyceae_2870;Ectocarpales_2877;Chordariaceae_66220;Punctaria_27943;Punctaria	84.262
Cluster_14	Porifera_6040;Demospongiae_6042;Bubarida_1779154;Dictyonellidae_85793;Scopalina_85794;Scopalina	88.055
Cluster_16	Rhodophyta_2763;Florideophyceae_2806;Ceramiales_2802;Rhodomelaceae_2803;Laurencia_99900;Laurencia	85.473
Cluster_17	Oomycota_4762;class_Leptomitales_92979;Leptomitales_92979;family_Apodachlya_92980;Apodachlya_92980;Apodachlya	82.468
Cluster_18	Oomycota_4762;class_Saprolegniales_4763;Saprolegniales_4763;Saprolegniaceae_4764;Achlya_4765;Achlya	85.577
Cluster_19	Oomycota_4762;class_Saprolegniales_4763;Saprolegniales_4763;Saprolegniaceae_4764;Achlya_4765;Achlya	85.987
Cluster_20	Oomycota_4762;class_Peronosporales_4776;Peronosporales_4776;Peronosporaceae_4777;Phytophthora_4783;Phytophthora	85.256
Cluster_21	Arthropoda_6656;Insecta_50557;Hymenoptera_7399;Vespidae_7438;Zethus_427986;Zethus	100.000
Cluster_22	phylum_Chrysophyceae_2825;Chrysophyceae_2825;Chromulinales_96792;Chromulinaceae_98651;Pedospumella_1117029;Pedospumella	87.908
Cluster_23	Oomycota_4762;class_order_family_Haptoglossa_377433;order_family_Haptoglossa_377433;family_Haptoglossa_377433;Haptoglossa_377433;Haptoglossa	82.095
Cluster_24	Arthropoda_6656;Insecta_50557;Diptera_7147;Streblidae_81697;Trichobius_339792;Trichobius	82.332
Cluster_25	Arthropoda_6656;Insecta_50557;Coleoptera_7041;Carabidae_41073;Gehringia_63886;Gehringia	79.931
Cluster_26	Discosea_555280;class_Himatismenida_313555;Himatismenida_313555;family_Parvamoeba_1076757;Parvamoeba_1076757;Parvamoeba	87.540
Cluster_27	Cnidaria_6073;Hydrozoa_6074;Siphonophorae_42759;Prayidae_154960;Praya_168784;Praya	84.752
Cluster_28	Cnidaria_6073;Hydrozoa_6074;Siphonophorae_42759;Prayidae_154960;Praya_168784;Praya	83.175
Cluster_29	Arthropoda_6656;Insecta_50557;Diptera_7147;Tabanidae_7205;Tabanus_7206;Tabanus	80.690
Cluster_30	Discosea_555280;Flabellinia_1485085;Dactylopodida_555392;Paramoebidae_200887;Paramoeba_200890;Paramoeba	84.615
Cluster_31	Rhodophyta_2763;Florideophyceae_2806;Gigartinales_28017;Gigartinaceae_29217;Chondracanthus_29218;Chondracanthus	77.966
Cluster_32	Discosea_555280;Flabellinia_1485085;Dactylopodida_555392;Vexilliferidae_180225;Vexillifera_218659;Vexillifera	83.492
Cluster_33	Arthropoda_6656;Diplopoda_7553;Spirostreptida_30267;Harpagophoridae_30268;Thyropygus_174150;Thyropygus	77.491
Cluster_34	Arthropoda_6656;Insecta_50557;Lepidoptera_7088;Sphingidae_7128;Xylophanes_119289;Xylophanes	85.926
Cluster_35	Discosea_555280;Flabellinia_1485085;Dactylopodida_555392;Vexilliferidae_180225;Vexillifera_218659;Vexillifera	84.984
Cluster_36	Arthropoda_6656;Insecta_50557;Hymenoptera_7399;Tenthredinidae_27532;Dolerus_186105;Dolerus	81.746
Cluster_37	Mollusca_6447;Gastropoda_6448;order_Lymnaeidae_6521;Lymnaeidae_6521;Galba_401861;Galba	79.197
Cluster_40	Discosea_555280;Flabellinia_1485085;order_Vannellidae_95227;Vannellidae_95227;Vannella_95228;Vannella	80.142
Cluster_41	Arthropoda_6656;Insecta_50557;Diptera_7147;Mycetophilidae_29035;Mycetophila_397146;Mycetophila	79.863
Cluster_42	Chordata_7711;Actinopteri_186623;Tetraodontiformes_31022;Monacanthidae_143346;Cantherhines_303711;Cantherhines	86.364
Cluster_43	Cnidaria_6073;Hydrozoa_6074;Siphonophorae_42759;Apolemiidae_316168;Apolemia_316169;Apolemia	85.667
Cluster_44	Oomycota_4762;class_Peronosporales_4776;Peronosporales_4776;Peronosporaceae_4777;Phytophthora_4783;Phytophthora	86.532
Cluster_45	Discosea_555280;Flabellinia_1485085;Dactylopodida_555392;Paramoebidae_200887;Cunea_1654807;Cunea	86.581
Cluster_46	Oomycota_4762;class_Saprolegniales_4763;Saprolegniales_4763;Saprolegniaceae_4764;Achlya_4765;Achlya	85.424
Cluster_47	Arthropoda_6656;Insecta_50557;Coleoptera_7041;Lampyridae_7049;Emarginoptyx_2985488;Emarginoptyx	80.000
Cluster_48	Discosea_555280;class_Himatismenida_313555;Himatismenida_313555;family_Parvamoeba_1076757;Parvamoeba_1076757;Parvamoeba	86.581
Cluster_49	Arthropoda_6656;Insecta_50557;Diptera_7147;Tipulidae_41042;Nephrotoma_46210;Nephrotoma	81.949
Cluster_51	Bacillariophyta_2836;Mediophyceae_589449;Eupodiscales_33838;Parodontellaceae_2910914;Trieres_1529381;Trieres	84.431
Cluster_52	phylum_Synurophyceae_33859;Synurophyceae_33859;Ochromonadales_98652;Ochromonadaceae_88165;Poterioochromonas_88166;Poterioochromonas	80.657
Cluster_53	phylum_Choanoflagellata_28009;Choanoflagellata_28009;Craspedida_1924738;Salpingoecidae_81529;Monosiga_81525;Monosiga	85.987
Cluster_54	Arthropoda_6656;Insecta_50557;Hymenoptera_7399;Encyrtidae_29051;Blepyrus_1542050;Blepyrus	76.821
Cluster_55	Cnidaria_6073;Hydrozoa_6074;Siphonophorae_42759;Prayidae_154960;Praya_168784;Praya	80.427
Cluster_56	Cnidaria_6073;Hydrozoa_6074;Anthoathecata_406427;Cladonematidae_123097;Staurocladia_168793;Staurocladia	80.000
Cluster_57	Annelida_6340;Clitellata_42113;Enchytraeida_1964463;Enchytraeidae_6388;Cernosvitoviella_735362;Cernosvitoviella	78.788
Cluster_58	Arthropoda_6656;Insecta_50557;Diptera_7147;Pipunculidae_43835;Cephalops_115242;Cephalops	82.883
Cluster_59	Arthropoda_6656;Insecta_50557;Diptera_7147;Psychodidae_7197;Evandromyia_474171;Evandromyia	76.842
Cluster_61	Arthropoda_6656;Hexanauplia_72037;Calanoida_6833;Euchaetidae_117959;Euchaeta_117960;Euchaeta	85.016
Cluster_62	Arthropoda_6656;Hexanauplia_72037;Calanoida_6833;Clausocalanidae_148994;Clausocalanus_148995;Clausocalanus	99.042
Cluster_63	Oomycota_4762;class_Peronosporales_4776;Peronosporales_4776;Peronosporaceae_4777;Phytophthora_4783;Phytophthora	84.444
Cluster_64	Haptophyta_2830;class_Isochrysidales_73020;Isochrysidales_73020;Noelaerhabdaceae_418966;Emiliania_2902;Emiliania	100.000
Cluster_66	phylum_Raphidophyceae_38410;Raphidophyceae_38410;Chattonellales_658125;Chattonellaceae_658124;Chattonella_44439;Chattonella	81.633
Cluster_67	Oomycota_4762;class_Peronosporales_4776;Peronosporales_4776;Peronosporaceae_4777;Phytophthora_4783;Phytophthora	85.342
Cluster_68	phylum_Phaeophyceae_2870;Phaeophyceae_2870;Ectocarpales_2877;Chordariaceae_66220;Myrionema_86897;Myrionema	85.113
Cluster_69	phylum_Phaeophyceae_2870;Phaeophyceae_2870;Ectocarpales_2877;Chordariaceae_66220;Sauvageaugloia_309741;Sauvageaugloia	84.936
Cluster_70	phylum_Dictyochophyceae_39119;Dictyochophyceae_39119;Pedinellales_35680;family_Pseudopedinella_35683;Pseudopedinella_35683;Pseudopedinella	86.869
Cluster_71	phylum_Phaeophyceae_2870;Phaeophyceae_2870;Ectocarpales_2877;Acrotrichaceae_166513;Acrothrix_166514;Acrothrix	82.353
Cluster_72	Arthropoda_6656;Arachnida_6854;Araneae_6893;Dysderidae_75055;Dysdera_58763;Dysdera	80.634
Cluster_73	Oomycota_4762;class_Saprolegniales_4763;Saprolegniales_4763;Saprolegniaceae_4764;Achlya_4765;Achlya	85.424
Cluster_74	Porifera_6040;Demospongiae_6042;Axinellida_1779152;Raspailiidae_261678;Trikentrion_484443;Trikentrion	83.108
Cluster_75	phylum_Phaeophyceae_2870;Phaeophyceae_2870;Ectocarpales_2877;Chordariaceae_66220;Papenfussiella_185796;Papenfussiella	78.967
Cluster_76	Oomycota_4762;class_Peronosporales_4776;Peronosporales_4776;Peronosporaceae_4777;Phytophthora_4783;Phytophthora	82.428
Cluster_77	Mollusca_6447;Gastropoda_6448;order_Lymnaeidae_6521;Lymnaeidae_6521;Galba_401861;Galba	83.099
Cluster_78	Arthropoda_6656;Insecta_50557;Coleoptera_7041;Lampyridae_7049;Emarginoptyx_2985488;Emarginoptyx	85.614
Cluster_79	Oomycota_4762;class_Peronosporales_4776;Peronosporales_4776;Peronosporaceae_4777;Pseudoperonospora_143452;Pseudoperonospora	79.734
Cluster_80	Arthropoda_6656;Arachnida_6854;Scorpiones_6855;Vaejovidae_33320;Konetontli_1532979;Konetontli	82.215
Cluster_81	Arthropoda_6656;Insecta_50557;Diptera_7147;Chironomidae_7149;Cladopelma_1278999;Cladopelma	75.839
Cluster_82	Discosea_555280;Flabellinia_1485085;Dactylopodida_555392;Paramoebidae_200887;Paramoeba_200890;Paramoeba	82.748
Cluster_83	Arthropoda_6656;Hexanauplia_72037;Calanoida_6833;Clausocalanidae_148994;Clausocalanus_148995;Clausocalanus	99.361
Cluster_84	phylum_Bigyra_2683628;Bigyra_2683628;Bicosoecida_33651;Cafeteriaceae_238884;Cafeteria_33652;Cafeteria	96.166
Cluster_85	Discosea_555280;class_Himatismenida_313555;Himatismenida_313555;Cochliopodiidae_313556;Ovalopodium_1027631;Ovalopodium	87.075
Cluster_86	Discosea_555280;Flabellinia_1485085;Dactylopodida_555392;Vexilliferidae_180225;Vexillifera_218659;Vexillifera	85.473
Cluster_87	Arthropoda_6656;Insecta_50557;Neuroptera_7516;Chrysopidae_7520;Apertochrysa_373812;Apertochrysa	85.859
Cluster_88	Cnidaria_6073;Hydrozoa_6074;Anthoathecata_406427;Zancleidae_264062;Zanclea_264063;Zanclea	84.385
Cluster_89	Oomycota_4762;class_Pythiales_121069;Pythiales_121069;Pythiaceae_4782;Pythium_4797;Pythium	79.808
Cluster_90	Oomycota_4762;class_Peronosporales_4776;Peronosporales_4776;Peronosporaceae_4777;Phytophthora_4783;Phytophthora	84.713
Cluster_91	Arthropoda_6656;Insecta_50557;Hemiptera_7524;Veliidae_95677;Xenobates_572359;Xenobates	78.929
Cluster_92	Haptophyta_2830;class_Prymnesiales_73028;Prymnesiales_73028;Chrysochromulinaceae_1136790;Chrysochromulina_35140;Chrysochromulina	80.984
Cluster_93	Arthropoda_6656;Arachnida_6854;Araneae_6893;Araneidae_6913;Araneus_29012;Araneus	76.873
Cluster_94	Porifera_6040;Demospongiae_6042;Axinellida_1779152;Raspailiidae_261678;Thrinacophora_484444;Thrinacophora	81.871
Cluster_96	Rhodophyta_2763;Florideophyceae_2806;Plocamiales_35203;Plocamiaceae_31450;Plocamium_31451;Plocamium	76.871
Cluster_97	Cnidaria_6073;Hydrozoa_6074;Siphonophorae_42759;Apolemiidae_316168;Apolemia_316169;Apolemia	85.619
Cluster_98	Arthropoda_6656;Insecta_50557;Megaloptera_50553;Corydalidae_50554;Ctenochauliodes_1641415;Ctenochauliodes	86.780
Cluster_100	Oomycota_4762;class_Saprolegniales_4763;Saprolegniales_4763;Saprolegniaceae_4764;Achlya_4765;Achlya	86.262
Cluster_101	Oomycota_4762;class_Saprolegniales_4763;Saprolegniales_4763;Saprolegniaceae_4764;Saprolegnia_4769;Saprolegnia	85.577
Cluster_102	Cnidaria_6073;Hydrozoa_6074;Siphonophorae_42759;Prayidae_154960;Praya_168784;Praya	85.197
Cluster_103	Bacillariophyta_2836;Bacillariophyceae_33849;Naviculales_38748;Pleurosigmataceae_197751;Pleurosigma_197752;Pleurosigma	91.054
Cluster_104	Bacillariophyta_2836;Bacillariophyceae_33849;Naviculales_38748;Pleurosigmataceae_197751;Pleurosigma_197752;Pleurosigma	90.000
Cluster_105	Bacillariophyta_2836;Bacillariophyceae_33849;Bacillariales_33851;Bacillariaceae_33852;Pseudo_nitzschia_41953;Pseudo_nitzschia	99.042
Cluster_106	Bacillariophyta_2836;Bacillariophyceae_33849;Bacillariales_33851;Bacillariaceae_33852;Pseudo_nitzschia_41953;Pseudo_nitzschia	99.614
Cluster_107	Bacillariophyta_2836;Bacillariophyceae_33849;Bacillariales_33851;Bacillariaceae_33852;Pseudo_nitzschia_41953;Pseudo_nitzschia	99.306
Cluster_108	Basidiomycota_5204;Agaricomycetes_155619;Boletales_68889;Boletaceae_5368;Strobilomyces_80669;Strobilomyces	85.099
Cluster_109	Bacillariophyta_2836;Mediophyceae_589449;Lithodesmiales_420271;Lithodesmiaceae_49247;Ditylum_49248;Ditylum	84.026
Cluster_110	Discosea_555280;Flabellinia_1485085;Dactylopodida_555392;Vexilliferidae_180225;Vexillifera_218659;Vexillifera	81.847
Cluster_111	Oomycota_4762;class_Saprolegniales_4763;Saprolegniales_4763;Saprolegniaceae_4764;Achlya_4765;Achlya	78.548
Cluster_112	Oomycota_4762;class_Pythiales_121069;Pythiales_121069;Pythiaceae_4782;Globisporangium_1448052;Globisporangium	79.195
Cluster_113	Chlorophyta_3041;Trebouxiophyceae_75966;Chlorellales_35460;Oocystaceae_3070;Binuclearia_3087188;Binuclearia	83.755
Cluster_114	Discosea_555280;Flabellinia_1485085;Dactylopodida_555392;Paramoebidae_200887;Paramoeba_200890;Paramoeba	85.256
Cluster_115	phylum_Chrysophyceae_2825;Chrysophyceae_2825;Chromulinales_96792;Dinobryaceae_704141;Poteriospumella_1117026;Poteriospumella	81.967
Cluster_116	Discosea_555280;class_Himatismenida_313555;Himatismenida_313555;family_Parvamoeba_1076757;Parvamoeba_1076757;Parvamoeba	87.859
Cluster_117	Arthropoda_6656;Insecta_50557;Lepidoptera_7088;Erebidae_695564;Serrodes_695632;Serrodes	83.214
Cluster_118	Cnidaria_6073;Hydrozoa_6074;Leptothecata_500008;Obeliidae_2750047;Obelia_32569;Obelia	97.444
Cluster_119	Discosea_555280;Flabellinia_1485085;Dactylopodida_555392;Paramoebidae_200887;Paramoeba_200890;Paramoeba	85.714
Cluster_120	Discosea_555280;Flabellinia_1485085;Dactylopodida_555392;Paramoebidae_200887;Paramoeba_200890;Paramoeba	86.901
Cluster_121	Arthropoda_6656;Insecta_50557;Diptera_7147;Psychodidae_7197;Psychoda_7201;Psychoda	78.819
Cluster_122	Bacillariophyta_2836;Mediophyceae_589449;Hemiaulales_420267;Hemiaulaceae_49250;Hemiaulus_426649;Hemiaulus	88.141
Cluster_123	phylum_Phaeophyceae_2870;Phaeophyceae_2870;Dictyotales_2873;Dictyotaceae_2874;Dictyotopsis_670094;Dictyotopsis	86.230
Cluster_124	phylum_Synurophyceae_33859;Synurophyceae_33859;Synurales_420622;Mallomonadaceae_420617;Synura_2991;Synura	85.764
Cluster_125	Mucoromycota_1913637;Mucoromycetes_2212703;Mucorales_4827;Rhizopodaceae_1344955;Rhizopus_4842;Rhizopus	84.797
Cluster_126	Arthropoda_6656;Insecta_50557;Coleoptera_7041;Chrysomelidae_27439;Aspidimorpha_1454958;Aspidimorpha	81.661
Cluster_127	Oomycota_4762;class_Pythiales_121069;Pythiales_121069;Pythiaceae_4782;Globisporangium_1448052;Globisporangium	80.769
Cluster_128	Bacillariophyta_2836;Fragilariophyceae_33853;Fragilariales_33855;Fragilariaceae_33856;Asterionellopsis_33639;Asterionellopsis	88.179
Cluster_129	Oomycota_4762;class_Saprolegniales_4763;Saprolegniales_4763;Saprolegniaceae_4764;Achlya_4765;Achlya	80.769
Cluster_130	Discosea_555280;Flabellinia_1485085;Dactylopodida_555392;Paramoebidae_200887;Paramoeba_200890;Paramoeba	86.071
Cluster_131	Oomycota_4762;class_Peronosporales_4776;Peronosporales_4776;Peronosporaceae_4777;Nothophytophthora_2025987;Nothophytophthora	81.728
Cluster_132	Oomycota_4762;class_Saprolegniales_4763;Saprolegniales_4763;Saprolegniaceae_4764;Saprolegnia_4769;Saprolegnia	85.197
Cluster_133	Arthropoda_6656;Hexanauplia_72037;Harpacticoida_41212;Canthocamptidae_298464;Australocamptus_1104523;Australocamptus	85.623
Cluster_134	phylum_Bigyra_2683628;Bigyra_2683628;Bicosoecida_33651;Cafeteriaceae_238884;Cafeteria_33652;Cafeteria	83.934
Cluster_135	Discosea_555280;Flabellinia_1485085;Dactylopodida_555392;Paramoebidae_200887;Cunea_1654807;Cunea	85.085
Cluster_136	Oomycota_4762;class_Peronosporales_4776;Peronosporales_4776;Peronosporaceae_4777;Phytophthora_4783;Phytophthora	82.353
Cluster_137	Discosea_555280;Flabellinia_1485085;Dactylopodida_555392;Paramoebidae_200887;Paramoeba_200890;Paramoeba	80.952
Cluster_138	Arthropoda_6656;Arachnida_6854;Scorpiones_6855;Iuridae_88314;Iurus_255302;Iurus	80.952
Cluster_139	Tubulinea_555369;Elardia_2681632;Euamoebida_180229;Hartmannellidae_5776;Ptolemeba_1525728;Ptolemeba	86.879
Cluster_140	Oomycota_4762;class_Pythiales_121069;Pythiales_121069;Pythiaceae_4782;Globisporangium_1448052;Globisporangium	83.737
Cluster_141	Arthropoda_6656;Malacostraca_6681;Decapoda_6683;Cambaridae_6725;Procambarus_6726;Procambarus	82.034
Cluster_142	Arthropoda_6656;Arachnida_6854;Araneae_6893;Dictynidae_134565;Lathys_388980;Lathys	81.419
Cluster_143	Discosea_555280;Flabellinia_1485085;Dactylopodida_555392;Paramoebidae_200887;Cunea_1654807;Cunea	86.262
Cluster_144	Discosea_555280;class_Himatismenida_313555;Himatismenida_313555;family_Parvamoeba_1076757;Parvamoeba_1076757;Parvamoeba	87.755
Cluster_145	Mollusca_6447;Gastropoda_6448;Stylommatophora_6527;Helicarionidae_424154;Stanisicarion_424183;Stanisicarion	83.612
Cluster_146	Oomycota_4762;class_Saprolegniales_4763;Saprolegniales_4763;Saprolegniaceae_4764;Achlya_4765;Achlya	83.509
Cluster_147	Discosea_555280;class_Himatismenida_313555;Himatismenida_313555;family_Parvamoeba_1076757;Parvamoeba_1076757;Parvamoeba	88.435
Cluster_148	Rhodophyta_2763;Florideophyceae_2806;Gigartinales_28017;Mychodeaceae_50886;Mychodea_42022;Mychodea	85.032
Cluster_151	Discosea_555280;Flabellinia_1485085;Dactylopodida_555392;Paramoebidae_200887;Paramoeba_200890;Paramoeba	91.346
Cluster_152	Discosea_555280;Flabellinia_1485085;Dactylopodida_555392;Paramoebidae_200887;Paramoeba_200890;Paramoeba	90.705
Cluster_153	Discosea_555280;Flabellinia_1485085;Dactylopodida_555392;Paramoebidae_200887;Paramoeba_200890;Paramoeba	92.628
Cluster_154	Annelida_6340;Polychaeta_6341;order_Arenicolidae_42115;Arenicolidae_42115;Arenicola_6343;Arenicola	78.618
Cluster_155	Rhodophyta_2763;Florideophyceae_2806;Ceramiales_2802;Delesseriaceae_31386;Grinnellia_131063;Grinnellia	85.953
Cluster_156	Discosea_555280;Flabellinia_1485085;Dactylopodida_555392;Paramoebidae_200887;Cunea_1654807;Cunea	84.984
Cluster_157	Cnidaria_6073;Hydrozoa_6074;Anthoathecata_406427;Balellidae_1608543;Balella_1608539;Balella	84.211
Cluster_158	Cnidaria_6073;Hydrozoa_6074;Anthoathecata_406427;Zancleidae_264062;Zanclea_264063;Zanclea	86.780
Cluster_159	Arthropoda_6656;Arachnida_6854;Araneae_6893;Selenopidae_243502;Selenops_686581;Selenops	80.808
Cluster_160	Oomycota_4762;class_Peronosporales_4776;Peronosporales_4776;Peronosporaceae_4777;Phytophthora_4783;Phytophthora	81.013
Cluster_161	Onychophora_27563;Udeonychophora_2082881;Euonychophora_2082882;Peripatopsidae_27567;Peripatopsis_88307;Peripatopsis	80.139
Cluster_162	Discosea_555280;Flabellinia_1485085;Dactylopodida_555392;Paramoebidae_200887;Paramoeba_200890;Paramoeba	85.623
Cluster_163	Discosea_555280;Flabellinia_1485085;Dactylopodida_555392;Paramoebidae_200887;Paramoeba_200890;Paramoeba	83.601
Cluster_164	Oomycota_4762;class_Pythiales_121069;Pythiales_121069;Pythiaceae_4782;Globisporangium_1448052;Globisporangium	79.931
Cluster_165	Rhodophyta_2763;Bangiophyceae_2797;Bangiales_29216;Bangiaceae_31345;Pyropia_1094566;Pyropia	83.775
Cluster_166	Discosea_555280;class_Himatismenida_313555;Himatismenida_313555;family_Parvamoeba_1076757;Parvamoeba_1076757;Parvamoeba	83.446
Cluster_167	Discosea_555280;class_Himatismenida_313555;Himatismenida_313555;family_Parvamoeba_1076757;Parvamoeba_1076757;Parvamoeba	86.218
Cluster_168	Discosea_555280;Flabellinia_1485085;Dactylopodida_555392;Vexilliferidae_180225;Vexillifera_218659;Vexillifera	80.132
Cluster_169	Bacillariophyta_2836;Mediophyceae_589449;Eupodiscales_33838;Parodontellaceae_2910914;Trieres_1529381;Trieres	96.703
Cluster_170	Haptophyta_2830;class_Prymnesiales_73028;Prymnesiales_73028;Chrysochromulinaceae_1136790;Chrysochromulina_35140;Chrysochromulina	84.106
Cluster_171	Haptophyta_2830;class_Isochrysidales_73020;Isochrysidales_73020;Noelaerhabdaceae_418966;Gephyrocapsa_38816;Gephyrocapsa	82.692
Cluster_173	Discosea_555280;class_Himatismenida_313555;Himatismenida_313555;family_Parvamoeba_1076757;Parvamoeba_1076757;Parvamoeba	85.034
Cluster_174	Discosea_555280;Flabellinia_1485085;Dactylopodida_555392;Paramoebidae_200887;Neoparamoeba_1641714;Neoparamoeba	94.888
Cluster_175	Discosea_555280;Flabellinia_1485085;Dactylopodida_555392;Paramoebidae_200887;Paramoeba_200890;Paramoeba	92.332
Cluster_176	Discosea_555280;Flabellinia_1485085;Dactylopodida_555392;Paramoebidae_200887;Paramoeba_200890;Paramoeba	95.527
Cluster_177	Discosea_555280;Flabellinia_1485085;Dactylopodida_555392;Paramoebidae_200887;Paramoeba_200890;Paramoeba	91.987
Cluster_178	Porifera_6040;Demospongiae_6042;Clionaida_1779155;Clionaidae_76784;Clionaopsis_880270;Clionaopsis	82.095
Cluster_179	Cnidaria_6073;Hydrozoa_6074;Leptothecata_500008;Obeliidae_2750047;Obelia_32569;Obelia	84.459
Cluster_180	Discosea_555280;Flabellinia_1485085;Dactylopodida_555392;Paramoebidae_200887;Cunea_1654807;Cunea	85.256
Cluster_181	Cnidaria_6073;Hydrozoa_6074;Leptothecata_500008;Obeliidae_2750047;Obelia_32569;Obelia	84.000
Cluster_182	Discosea_555280;Flabellinia_1485085;Dactylopodida_555392;Paramoebidae_200887;Cunea_1654807;Cunea	86.288
Cluster_183	Cnidaria_6073;Hydrozoa_6074;Anthoathecata_406427;Corynidae_6077;Sarsia_6078;Sarsia	82.085
Cluster_184	Discosea_555280;class_Himatismenida_313555;Himatismenida_313555;family_Parvamoeba_1076757;Parvamoeba_1076757;Parvamoeba	84.848
Cluster_185	Arthropoda_6656;Insecta_50557;Diptera_7147;Tabanidae_7205;Tabanus_7206;Tabanus	85.240
Cluster_186	Arthropoda_6656;Insecta_50557;Lepidoptera_7088;Noctuidae_7100;Ponometia_1111022;Ponometia	79.078
Cluster_187	Rhodophyta_2763;Florideophyceae_2806;Ceramiales_2802;Delesseriaceae_31386;Delesseria_131059;Delesseria	85.374
Cluster_188	Cnidaria_6073;Hydrozoa_6074;Siphonophorae_42759;Prayidae_154960;Praya_168784;Praya	86.735
Cluster_189	Cnidaria_6073;Hydrozoa_6074;Anthoathecata_406427;Hydractiniidae_6094;Schuchertinia_1262061;Schuchertinia	84.797
Cluster_190	Discosea_555280;Flabellinia_1485085;Dactylopodida_555392;Paramoebidae_200887;Cunea_1654807;Cunea	84.936
Cluster_191	Discosea_555280;Flabellinia_1485085;order_Vannellidae_95227;Vannellidae_95227;Clydonella_218657;Clydonella	85.016
Cluster_192	Cnidaria_6073;Hydrozoa_6074;Siphonophorae_42759;Prayidae_154960;Praya_168784;Praya	83.974
Cluster_193	Arthropoda_6656;Malacostraca_6681;Isopoda_29979;Cymothoidae_142082;Livoneca_142083;Livoneca	78.947
Cluster_194	Chordata_7711;Actinopteri_186623;Siluriformes_7995;Doradidae_31006;Rhynchodoras_1312665;Rhynchodoras	82.759
Cluster_195	Chordata_7711;Actinopteri_186623;Siluriformes_7995;Doradidae_31006;Rhynchodoras_1312665;Rhynchodoras	83.908
Cluster_196	Chordata_7711;Actinopteri_186623;Siluriformes_7995;Doradidae_31006;Rhynchodoras_1312665;Rhynchodoras	83.908
Cluster_197	Chordata_7711;Actinopteri_186623;Siluriformes_7995;Doradidae_31006;Rhynchodoras_1312665;Rhynchodoras	82.759
Cluster_198	Arthropoda_6656;Ostracoda_6670;Podocopida_84318;Cyprididae_43954;Bennelongia_1144606;Bennelongia	88.571
Cluster_200	Arthropoda_6656;Arachnida_6854;Ixodida_6935;Ixodidae_6939;Hyalomma_34625;Hyalomma	89.394
Cluster_202	Arthropoda_6656;Collembola_30001;Entomobryomorpha_730330;Isotomidae_36141;Isotoma_57735;Isotoma	80.723
Cluster_204	Chordata_7711;Mammalia_40674;Lagomorpha_9975;Ochotonidae_9976;Ochotona_9977;Ochotona	93.103
Cluster_205	Arthropoda_6656;Arachnida_6854;Ixodida_6935;Ixodidae_6939;Hyalomma_34625;Hyalomma	89.394
Cluster_206	Echinodermata_7586;Holothuroidea_7705;Aspidochirotida_7682;Stichopodidae_7687;Stichopus_7691;Stichopus	75.373
Cluster_208	Arthropoda_6656;Collembola_30001;Entomobryomorpha_730330;Isotomidae_36141;Isotoma_57735;Isotoma	80.000
Cluster_212	Discosea_555280;Flabellinia_1485085;Dactylopodida_555392;Paramoebidae_200887;Paramoeba_200890;Paramoeba	81.979
Cluster_213	Echinodermata_7586;Holothuroidea_7705;Aspidochirotida_7682;Stichopodidae_7687;Stichopus_7691;Stichopus	75.912
Cluster_214	Echinodermata_7586;Holothuroidea_7705;Aspidochirotida_7682;Stichopodidae_7687;Stichopus_7691;Stichopus	76.642
Cluster_216	phylum_Phaeophyceae_2870;Phaeophyceae_2870;Ectocarpales_2877;Chordariaceae_66220;Hecatonema_86887;Hecatonema	79.121
Cluster_217	Discosea_555280;class_Longamoebia_1485168;Longamoebia_1485168;Acanthamoebidae_33677;Acanthamoeba_5754;Acanthamoeba	82.492
Cluster_218	Arthropoda_6656;Insecta_50557;Diptera_7147;Mycetophilidae_29035;Mycomya_608706;Mycomya	85.106
Cluster_219	Arthropoda_6656;Insecta_50557;Hymenoptera_7399;Vespidae_7438;Leptochilus_1124903;Leptochilus	86.061
Cluster_220	Discosea_555280;Flabellinia_1485085;Dactylopodida_555392;Paramoebidae_200887;Paramoeba_200890;Paramoeba	87.859
Cluster_221	Placozoa_10226;class_order_family_Polyplacotoma_2546582;order_family_Polyplacotoma_2546582;family_Polyplacotoma_2546582;Polyplacotoma_2546582;Polyplacotoma	84.026
Cluster_222	Mollusca_6447;Gastropoda_6448;Stylommatophora_6527;Geomitridae_1920660;Xerocrassa_667734;Xerocrassa	80.576
Cluster_223	phylum_Phaeophyceae_2870;Phaeophyceae_2870;Dictyotales_2873;Dictyotaceae_2874;Canistrocarpus_499614;Canistrocarpus	82.253
Cluster_224	Arthropoda_6656;Arachnida_6854;Araneae_6893;Thomisidae_94016;Xysticus_187486;Xysticus	80.827
Cluster_225	Oomycota_4762;class_Peronosporales_4776;Peronosporales_4776;Peronosporaceae_4777;Phytophthora_4783;Phytophthora	83.566
Cluster_226	Discosea_555280;class_Longamoebia_1485168;Longamoebia_1485168;Acanthamoebidae_33677;Acanthamoeba_5754;Acanthamoeba	84.848
Cluster_227	phylum_Choanoflagellata_28009;Choanoflagellata_28009;Craspedida_1924738;Salpingoecidae_81529;Monosiga_81525;Monosiga	83.838
Cluster_228	Cnidaria_6073;Hydrozoa_6074;Leptothecata_500008;Aglaopheniidae_308582;Aglaophenia_308583;Aglaophenia	79.443
Cluster_229	Cnidaria_6073;Hydrozoa_6074;Anthoathecata_406427;Cytaeididae_413643;Cytaeis_1254442;Cytaeis	81.481
Cluster_230	Arthropoda_6656;Insecta_50557;Megaloptera_50553;Corydalidae_50554;Archichauliodes_279418;Archichauliodes	84.740
Cluster_231	Cnidaria_6073;Hydrozoa_6074;Leptothecata_500008;Obeliidae_2750047;Obelia_32569;Obelia	86.242
Cluster_232	Cnidaria_6073;Hydrozoa_6074;Siphonophorae_42759;Physophoridae_168777;Physophora_168778;Physophora	85.000
Cluster_233	Oomycota_4762;class_Peronosporales_4776;Peronosporales_4776;Peronosporaceae_4777;Hyaloperonospora_184462;Hyaloperonospora	86.622
Cluster_234	Arthropoda_6656;Arachnida_6854;Araneae_6893;Malkaridae_336670;Chilenodes_1654951;Chilenodes	80.400
Cluster_235	Discosea_555280;Flabellinia_1485085;Dactylopodida_555392;Paramoebidae_200887;Cunea_1654807;Cunea	82.807
Cluster_236	Platyhelminthes_6157;Rhabditophora_147100;Tricladida_6159;Geoplanidae_52317;Geoplana_57255;Geoplana	77.857
Cluster_237	Discosea_555280;class_Longamoebia_1485168;Longamoebia_1485168;Acanthamoebidae_33677;Acanthamoeba_5754;Acanthamoeba	83.838
Cluster_238	Basidiomycota_5204;Agaricomycetes_155619;Thelephorales_56487;Thelephoraceae_56488;Thelephora_56489;Thelephora	82.178
Cluster_239	Tubulinea_555369;Elardia_2681632;Euamoebida_180229;Hartmannellidae_5776;Ptolemeba_1525728;Ptolemeba	84.436
Cluster_240	Arthropoda_6656;Insecta_50557;Coleoptera_7041;Staphylinidae_29026;Ischnosoma_1143196;Ischnosoma	79.661
Cluster_241	Cercozoa_136419;Imbricatea_1736114;Euglyphida_178369;Cyphoderiidae_178373;Cyphoderia_178374;Cyphoderia	78.361
Cluster_242	Mollusca_6447;Gastropoda_6448;order_Acroloxidae_240809;Acroloxidae_240809;Pseudancylastrum_1686270;Pseudancylastrum	77.918
Cluster_243	Cnidaria_6073;Hydrozoa_6074;Leptothecata_500008;Sertulariidae_86619;Xingyurella_2137751;Xingyurella	81.633
Cluster_244	Cnidaria_6073;Hydrozoa_6074;Narcomedusae_43184;Tetraplatiidae_2653793;Tetraplatia_329738;Tetraplatia	82.712
Cluster_245	Arthropoda_6656;Insecta_50557;Lepidoptera_7088;Geometridae_82593;Scopula_104443;Scopula	82.803
Cluster_246	Cnidaria_6073;Hydrozoa_6074;Leptothecata_500008;Tiarannidae_645430;Modeeria_662013;Modeeria	83.838
Cluster_247	Rhodophyta_2763;Florideophyceae_2806;Ceramiales_2802;Rhodomelaceae_2803;Osmundaria_155555;Osmundaria	81.560
Cluster_248	Discosea_555280;Flabellinia_1485085;Dactylopodida_555392;Vexilliferidae_180225;Vexillifera_218659;Vexillifera	85.669
Cluster_249	Discosea_555280;Flabellinia_1485085;Dactylopodida_555392;Vexilliferidae_180225;Vexillifera_218659;Vexillifera	89.226
Cluster_250	Arthropoda_6656;Insecta_50557;Coleoptera_7041;Scarabaeidae_7055;Nanos_490857;Nanos	86.102
Cluster_251	Rhodophyta_2763;Florideophyceae_2806;Ceramiales_2802;Rhodomelaceae_2803;Placophora_1917033;Placophora	85.623
Cluster_252	Arthropoda_6656;Insecta_50557;Ephemeroptera_30073;Isonychiidae_219466;Isonychia_219470;Isonychia	78.448
Cluster_253	phylum_Raphidophyceae_38410;Raphidophyceae_38410;order_family_Haramonas_162274;family_Haramonas_162274;Haramonas_162274;Haramonas	85.113
Cluster_254	Porifera_6040;Demospongiae_6042;Poecilosclerida_27925;Microcionidae_27926;Clathria_81539;Clathria	85.185
Cluster_255	Arthropoda_6656;Insecta_50557;Lepidoptera_7088;Nolidae_319783;Gadirtha_1414594;Gadirtha	85.263
Cluster_256	Rhodophyta_2763;Florideophyceae_2806;Ceramiales_2802;Rhodomelaceae_2803;Laurencia_99900;Laurencia	84.950
Cluster_257	Arthropoda_6656;Insecta_50557;Diptera_7147;Tabanidae_7205;Acanthocera_1547427;Acanthocera	81.185
Cluster_258	Arthropoda_6656;Insecta_50557;Coleoptera_7041;Hydraenidae_110044;Pterosthetops_2962295;Pterosthetops	76.817
Cluster_259	Discosea_555280;Flabellinia_1485085;Dactylopodida_555392;Paramoebidae_200887;Korotnevella_200888;Korotnevella	82.492
Cluster_260	Discosea_555280;Flabellinia_1485085;Dactylopodida_555392;Paramoebidae_200887;Paramoeba_200890;Paramoeba	83.333
Cluster_261	Discosea_555280;Flabellinia_1485085;order_Vannellidae_95227;Vannellidae_95227;Ripella_1217112;Ripella	81.150
Cluster_262	Oomycota_4762;class_Pythiales_121069;Pythiales_121069;Pythiaceae_4782;Globisporangium_1448052;Globisporangium	82.042
Cluster_263	Arthropoda_6656;Insecta_50557;Diptera_7147;Culicidae_7157;Anopheles_7164;Anopheles	84.444
Cluster_264	Discosea_555280;class_Himatismenida_313555;Himatismenida_313555;family_Parvamoeba_1076757;Parvamoeba_1076757;Parvamoeba	86.469
Cluster_265	Porifera_6040;Demospongiae_6042;Axinellida_1779152;Raspailiidae_261678;Trikentrion_484443;Trikentrion	85.948
Cluster_266	Basidiomycota_5204;Agaricomycetes_155619;Russulales_452342;Bondarzewiaceae_40420;Heterobasidion_13562;Heterobasidion	80.069
Cluster_267	Discosea_555280;Flabellinia_1485085;Dactylopodida_555392;Paramoebidae_200887;Cunea_1654807;Cunea	86.622
Cluster_268	Porifera_6040;Demospongiae_6042;Axinellida_1779152;Raspailiidae_261678;Trikentrion_484443;Trikentrion	87.580
Cluster_269	Bacillariophyta_2836;Mediophyceae_589449;Lithodesmiales_420271;Lithodesmiaceae_49247;Lithodesmium_59811;Lithodesmium	85.135
Cluster_270	Discosea_555280;class_Himatismenida_313555;Himatismenida_313555;Cochliopodiidae_313556;Ovalopodium_1027631;Ovalopodium	85.809
Cluster_271	Zoopagomycota_1913638;Entomophthoromycetes_1399770;Entomophthorales_4857;Ancylistaceae_34486;Microconidiobolus_2878382;Microconidiobolus	87.255
Cluster_272	Arthropoda_6656;Insecta_50557;Diptera_7147;Phoridae_36164;Megaselia_36165;Megaselia	83.276
Cluster_273	Discosea_555280;Flabellinia_1485085;Dactylopodida_555392;Vexilliferidae_180225;Vexillifera_218659;Vexillifera	81.529
Cluster_274	Arthropoda_6656;Arachnida_6854;Mesostigmata_34634;Phytoseiidae_34636;Euseius_84383;Euseius	77.003
Cluster_275	Rhodophyta_2763;Florideophyceae_2806;Ceramiales_2802;Ceramiaceae_31377;Wrangelia_439545;Wrangelia	81.272
Cluster_276	Discosea_555280;class_Himatismenida_313555;Himatismenida_313555;family_Parvamoeba_1076757;Parvamoeba_1076757;Parvamoeba	87.789
Cluster_277	Discosea_555280;class_Himatismenida_313555;Himatismenida_313555;family_Parvamoeba_1076757;Parvamoeba_1076757;Parvamoeba	84.539
Cluster_278	Discosea_555280;class_Himatismenida_313555;Himatismenida_313555;family_Parvamoeba_1076757;Parvamoeba_1076757;Parvamoeba	83.224
Cluster_279	Discosea_555280;Flabellinia_1485085;Dactylopodida_555392;Vexilliferidae_180225;Vexillifera_218659;Vexillifera	89.776
Cluster_280	phylum_Phaeophyceae_2870;Phaeophyceae_2870;Fucales_3009;Hormosiraceae_87155;Hormosira_87156;Hormosira	86.381
Cluster_281	Arthropoda_6656;Insecta_50557;Diptera_7147;Tachinidae_27474;Peleteria_179508;Peleteria	81.429
Cluster_282	Arthropoda_6656;Insecta_50557;Coleoptera_7041;Carabidae_41073;Pterostichus_41078;Pterostichus	83.446
Cluster_283	Cnidaria_6073;Hydrozoa_6074;Siphonophorae_42759;Apolemiidae_316168;Apolemia_316169;Apolemia	80.743
Cluster_284	Arthropoda_6656;Insecta_50557;Hemiptera_7524;Cicadellidae_30102;Youngolidia_2501900;Youngolidia	81.949
Cluster_285	Cnidaria_6073;Hydrozoa_6074;Anthoathecata_406427;Corynidae_6077;Sarsia_6078;Sarsia	86.780
Cluster_286	Discosea_555280;Flabellinia_1485085;Dactylopodida_555392;Paramoebidae_200887;Korotnevella_200888;Korotnevella	84.375
Cluster_287	Oomycota_4762;class_Pythiales_121069;Pythiales_121069;Pythiaceae_4782;Globisporangium_1448052;Globisporangium	83.451
Cluster_288	Discosea_555280;class_Himatismenida_313555;Himatismenida_313555;family_Parvamoeba_1076757;Parvamoeba_1076757;Parvamoeba	85.809
Cluster_289	Bacillariophyta_2836;Mediophyceae_589449;Hemiaulales_420267;Hemiaulaceae_49250;Hemiaulus_426649;Hemiaulus	82.484
Cluster_290	Discosea_555280;Flabellinia_1485085;Dactylopodida_555392;Paramoebidae_200887;Korotnevella_200888;Korotnevella	82.428
Cluster_291	Rhodophyta_2763;Florideophyceae_2806;Corallinales_31395;Corallinaceae_31396;Jania_31397;Jania	83.784
Cluster_292	Rhodophyta_2763;Florideophyceae_2806;Ceramiales_2802;Rhodomelaceae_2803;Laurencia_99900;Laurencia	86.395
Cluster_293	Oomycota_4762;class_Saprolegniales_4763;Saprolegniales_4763;Saprolegniaceae_4764;Aphanomyces_100860;Aphanomyces	85.382
Cluster_294	Oomycota_4762;class_Pythiales_121069;Pythiales_121069;Pythiaceae_4782;Globisporangium_1448052;Globisporangium	84.459
Cluster_295	Discosea_555280;Flabellinia_1485085;order_Vannellidae_95227;Vannellidae_95227;Paravannella_1443143;Paravannella	81.587
Cluster_296	Oomycota_4762;class_Pythiales_121069;Pythiales_121069;Pythiaceae_4782;Pythium_4797;Pythium	84.459
Cluster_297	Rhodophyta_2763;Florideophyceae_2806;Gigartinales_28017;Dumontiaceae_31415;Weeksia_87833;Weeksia	78.710
Cluster_298	Oomycota_4762;class_Lagenidiales_4800;Lagenidiales_4800;family_Paralagenidium_1440114;Paralagenidium_1440114;Paralagenidium	80.259
Cluster_299	Oomycota_4762;class_Pythiales_121069;Pythiales_121069;Pythiaceae_4782;Halophytophthora_127445;Halophytophthora	87.234
Cluster_300	Oomycota_4762;class_Saprolegniales_4763;Saprolegniales_4763;Saprolegniaceae_4764;Achlya_4765;Achlya	85.374
Cluster_301	Rhodophyta_2763;Florideophyceae_2806;Gigartinales_28017;Acrotylaceae_257543;Acrotylus_257544;Acrotylus	85.668
Cluster_302	Cnidaria_6073;Hydrozoa_6074;Siphonophorae_42759;Agalmatidae_168757;Agalma_316164;Agalma	76.923
Cluster_303	Oomycota_4762;class_Pythiales_121069;Pythiales_121069;Pythiaceae_4782;Globisporangium_1448052;Globisporangium	80.936
Cluster_304	Oomycota_4762;class_Pythiales_121069;Pythiales_121069;Pythiaceae_4782;Globisporangium_1448052;Globisporangium	81.145
Cluster_305	Discosea_555280;Flabellinia_1485085;Dactylopodida_555392;Paramoebidae_200887;Paramoeba_200890;Paramoeba	87.261
Cluster_306	Discosea_555280;class_Longamoebia_1485168;Longamoebia_1485168;Acanthamoebidae_33677;Acanthamoeba_5754;Acanthamoeba	85.034
Cluster_307	Cnidaria_6073;Hydrozoa_6074;Leptothecata_500008;Obeliidae_2750047;Obelia_32569;Obelia	86.441
Cluster_308	phylum_Choanoflagellata_28009;Choanoflagellata_28009;Craspedida_1924738;Salpingoecidae_81529;Monosiga_81525;Monosiga	83.758
Cluster_309	phylum_Phaeophyceae_2870;Phaeophyceae_2870;Ectocarpales_2877;Scytosiphonaceae_2891;Petalonia_2892;Petalonia	80.351
Cluster_310	Discosea_555280;Flabellinia_1485085;Dactylopodida_555392;Paramoebidae_200887;Paramoeba_200890;Paramoeba	84.345
Cluster_311	Arthropoda_6656;Insecta_50557;Lepidoptera_7088;Gracillariidae_98966;Caloptilia_199009;Caloptilia	80.000
Cluster_312	Discosea_555280;Flabellinia_1485085;Dactylopodida_555392;Paramoebidae_200887;Paramoeba_200890;Paramoeba	86.859
Cluster_313	Discosea_555280;Flabellinia_1485085;Dactylopodida_555392;Paramoebidae_200887;Paramoeba_200890;Paramoeba	87.540
Cluster_314	Cnidaria_6073;Hydrozoa_6074;Anthoathecata_406427;Tubulariidae_37517;Tubularia_37518;Tubularia	81.973
Cluster_315	Rhodophyta_2763;Florideophyceae_2806;Gigartinales_28017;Kallymeniaceae_31430;Thamnophyllis_979668;Thamnophyllis	83.505
Cluster_316	Discosea_555280;Flabellinia_1485085;Dactylopodida_555392;Paramoebidae_200887;Paramoeba_200890;Paramoeba	85.987
Cluster_317	Discosea_555280;Flabellinia_1485085;Dactylopodida_555392;Paramoebidae_200887;Paramoeba_200890;Paramoeba	85.304
Cluster_318	Rotifera_10190;Eurotatoria_2816136;Ploima_84394;Asplanchnidae_84395;Asplanchna_84396;Asplanchna	86.262
Cluster_319	Discosea_555280;Flabellinia_1485085;Dactylopodida_555392;Paramoebidae_200887;Paramoeba_200890;Paramoeba	84.615
Cluster_320	Discosea_555280;Flabellinia_1485085;Dactylopodida_555392;Paramoebidae_200887;Paramoeba_200890;Paramoeba	86.538
Cluster_321	Discosea_555280;Flabellinia_1485085;Dactylopodida_555392;Paramoebidae_200887;Paramoeba_200890;Paramoeba	84.295
Cluster_322	Discosea_555280;Flabellinia_1485085;Dactylopodida_555392;Paramoebidae_200887;Paramoeba_200890;Paramoeba	83.439
Cluster_323	Discosea_555280;Flabellinia_1485085;Dactylopodida_555392;Paramoebidae_200887;Paramoeba_200890;Paramoeba	83.387
Cluster_324	Discosea_555280;Flabellinia_1485085;Dactylopodida_555392;Paramoebidae_200887;Paramoeba_200890;Paramoeba	82.109
Cluster_325	Discosea_555280;Flabellinia_1485085;Dactylopodida_555392;Paramoebidae_200887;Paramoeba_200890;Paramoeba	84.615
Cluster_326	Discosea_555280;Flabellinia_1485085;Dactylopodida_555392;Paramoebidae_200887;Korotnevella_200888;Korotnevella	82.353
Cluster_327	Porifera_6040;Demospongiae_6042;Axinellida_1779152;Raspailiidae_261678;Cyamon_1336910;Cyamon	84.564
Cluster_328	Arthropoda_6656;Insecta_50557;Diptera_7147;Chironomidae_7149;Trissopelopia_879793;Trissopelopia	80.546
Cluster_329	Arthropoda_6656;Insecta_50557;Coleoptera_7041;Carabidae_41073;Amara_60755;Amara	81.788
Cluster_330	phylum_Phaeophyceae_2870;Phaeophyceae_2870;Ectocarpales_2877;Ectocarpaceae_2878;Ectocarpus_2879;Ectocarpus	80.212
Cluster_331	Discosea_555280;Flabellinia_1485085;Dactylopodida_555392;Paramoebidae_200887;Cunea_1654807;Cunea	84.407
Cluster_332	Ascomycota_4890;Leotiomycetes_147548;order_family_Leohumicola_290614;family_Leohumicola_290614;Leohumicola_290614;Leohumicola	84.718
Cluster_333	Bacillariophyta_2836;Coscinodiscophyceae_33836;Thalassiosirales_33847;Skeletonemataceae_33848;Skeletonema_2842;Skeletonema	90.000
Cluster_334	Bacillariophyta_2836;Coscinodiscophyceae_33836;Thalassiosirales_33847;Thalassiosiraceae_29202;Thalassiosira_35127;Thalassiosira	94.872
Cluster_335	Bacillariophyta_2836;Mediophyceae_589449;Triceratiales_232508;Plagiogrammaceae_232509;Dimeregramma_505986;Dimeregramma	89.769
Cluster_336	Discosea_555280;class_Himatismenida_313555;Himatismenida_313555;family_Parvamoeba_1076757;Parvamoeba_1076757;Parvamoeba	86.735
Cluster_337	phylum_Chrysophyceae_2825;Chrysophyceae_2825;Chromulinales_96792;Chromulinaceae_98651;Pedospumella_1117029;Pedospumella	84.718
Cluster_338	Discosea_555280;class_Longamoebia_1485168;Longamoebia_1485168;Acanthamoebidae_33677;Acanthamoeba_5754;Acanthamoeba	86.885
Cluster_339	phylum_Chrysophyceae_2825;Chrysophyceae_2825;Chromulinales_96792;Chromulinaceae_98651;Pedospumella_1117029;Pedospumella	85.333
Cluster_340	phylum_Choanoflagellata_28009;Choanoflagellata_28009;Craspedida_1924738;Salpingoecidae_81529;Monosiga_81525;Monosiga	86.242
Cluster_341	Discosea_555280;Flabellinia_1485085;Dactylopodida_555392;Vexilliferidae_180225;Vexillifera_218659;Vexillifera	86.306
Cluster_342	Discosea_555280;Flabellinia_1485085;order_Vannellidae_95227;Vannellidae_95227;Clydonella_218657;Clydonella	84.691
Cluster_343	Cnidaria_6073;Hydrozoa_6074;Siphonophorae_42759;Prayidae_154960;Praya_168784;Praya	87.415
Cluster_344	Cnidaria_6073;Hydrozoa_6074;Siphonophorae_42759;Prayidae_154960;Praya_168784;Praya	87.415
Cluster_346	Discosea_555280;class_Longamoebia_1485168;Longamoebia_1485168;Acanthamoebidae_33677;Acanthamoeba_5754;Acanthamoeba	86.780
Cluster_347	phylum_Phaeophyceae_2870;Phaeophyceae_2870;Ectocarpales_2877;Scytosiphonaceae_2891;Scytosiphon_27966;Scytosiphon	76.351
Cluster_348	Arthropoda_6656;Insecta_50557;Hemiptera_7524;Clastopteridae_139606;Clastoptera_38150;Clastoptera	81.270
Cluster_349	phylum_Choanoflagellata_28009;Choanoflagellata_28009;Craspedida_1924738;Salpingoecidae_81529;Monosiga_81525;Monosiga	84.262
Cluster_350	Arthropoda_6656;Insecta_50557;Diptera_7147;Culicidae_7157;Anopheles_7164;Anopheles	83.882
Cluster_351	Arthropoda_6656;Insecta_50557;Diptera_7147;Chamaemyiidae_189958;Chamaemyia_305621;Chamaemyia	84.138
Cluster_352	Arthropoda_6656;Insecta_50557;Coleoptera_7041;Carabidae_41073;Lionepha_443464;Lionepha	79.061
Cluster_353	Oomycota_4762;class_Pythiales_121069;Pythiales_121069;Pythiaceae_4782;Globisporangium_1448052;Globisporangium	80.936
Cluster_354	Arthropoda_6656;Insecta_50557;Lepidoptera_7088;Geometridae_82593;Polyacme_1369576;Polyacme	80.351
Cluster_355	Cnidaria_6073;Hydrozoa_6074;Siphonophorae_42759;Prayidae_154960;Amphicaryon_645366;Amphicaryon	82.109
Cluster_356	Rhodophyta_2763;Florideophyceae_2806;Rhodymeniales_29247;Fryeellaceae_748682;Fryeella_81604;Fryeella	84.053
Cluster_357	Discosea_555280;Flabellinia_1485085;Dactylopodida_555392;Paramoebidae_200887;Cunea_1654807;Cunea	87.302
Cluster_358	Cnidaria_6073;Hydrozoa_6074;Anthoathecata_406427;Corynidae_6077;Sarsia_6078;Sarsia	84.452
Cluster_360	Cnidaria_6073;Hydrozoa_6074;Leptothecata_500008;Aequoreidae_128126;Aequorea_6099;Aequorea	85.197
Cluster_361	Discosea_555280;class_Longamoebia_1485168;Longamoebia_1485168;Acanthamoebidae_33677;Acanthamoeba_5754;Acanthamoeba	84.848
Cluster_362	Nemertea_6217;Pilidiophora_6218;Heteronemertea_6219;Lineidae_6222;Lineus_6223;Lineus	79.479
Cluster_363	Cnidaria_6073;Hydrozoa_6074;Siphonophorae_42759;Prayidae_154960;Amphicaryon_645366;Amphicaryon	85.397
Cluster_364	Discosea_555280;Flabellinia_1485085;Dactylopodida_555392;Paramoebidae_200887;Paramoeba_200890;Paramoeba	84.295
Cluster_365	Discosea_555280;Flabellinia_1485085;Dactylopodida_555392;Paramoebidae_200887;Paramoeba_200890;Paramoeba	83.121
Cluster_366	Discosea_555280;Flabellinia_1485085;Dactylopodida_555392;Paramoebidae_200887;Paramoeba_200890;Paramoeba	84.615
Cluster_367	Bacillariophyta_2836;Bacillariophyceae_33849;Bacillariales_33851;Bacillariaceae_33852;Nitzschia_2857;Nitzschia	90.461
Cluster_368	Bacillariophyta_2836;Bacillariophyceae_33849;Bacillariales_33851;Bacillariaceae_33852;Nitzschia_2857;Nitzschia	89.508
Cluster_369	Bacillariophyta_2836;Bacillariophyceae_33849;Bacillariales_33851;Bacillariaceae_33852;Nitzschia_2857;Nitzschia	88.599
Cluster_370	Bacillariophyta_2836;Mediophyceae_589449;Hemiaulales_420267;Hemiaulaceae_49250;Eucampia_49251;Eucampia	83.013
Cluster_371	Discosea_555280;class_Himatismenida_313555;Himatismenida_313555;family_Parvamoeba_1076757;Parvamoeba_1076757;Parvamoeba	85.424
Cluster_372	Discosea_555280;class_Himatismenida_313555;Himatismenida_313555;family_Parvamoeba_1076757;Parvamoeba_1076757;Parvamoeba	83.828
Cluster_373	Discosea_555280;Flabellinia_1485085;Dactylopodida_555392;Paramoebidae_200887;Cunea_1654807;Cunea	84.407
Cluster_374	Mollusca_6447;Gastropoda_6448;order_Acroloxidae_240809;Acroloxidae_240809;Pseudancylastrum_1686270;Frolikhiancylus	78.073
Cluster_375	Arthropoda_6656;Insecta_50557;Hemiptera_7524;Clastopteridae_139606;Clastoptera_38150;Clastoptera	81.126
Cluster_376	Arthropoda_6656;Arachnida_6854;Araneae_6893;Ctenidae_6916;Kiekie_2811919;Kiekie	83.077
Cluster_377	Discosea_555280;Flabellinia_1485085;Dactylopodida_555392;Paramoebidae_200887;Cunea_1654807;Cunea	85.714
Cluster_378	Discosea_555280;Flabellinia_1485085;Dactylopodida_555392;Paramoebidae_200887;Korotnevella_200888;Korotnevella	82.428
Cluster_379	Discosea_555280;Flabellinia_1485085;Dactylopodida_555392;Paramoebidae_200887;Korotnevella_200888;Korotnevella	84.768
Cluster_380	Discosea_555280;Flabellinia_1485085;Dactylopodida_555392;Paramoebidae_200887;Cunea_1654807;Cunea	87.625
Cluster_381	Porifera_6040;Demospongiae_6042;Tethyida_1779163;Timeidae_269157;Timea_269051;Timea	81.293
Cluster_382	Rhodophyta_2763;Florideophyceae_2806;Ceramiales_2802;Rhodomelaceae_2803;Symphyocladiella_2506476;Symphyocladiella	84.262
Cluster_383	Mollusca_6447;Gastropoda_6448;Stylommatophora_6527;Streptaxidae_145775;Oophana_2728075;Oophana	82.895
Cluster_384	Bacillariophyta_2836;Coscinodiscophyceae_33836;Thalassiosirales_33847;Thalassiosiraceae_29202;Thalassiosira_35127;Thalassiosira	100.000
Cluster_385	Discosea_555280;Flabellinia_1485085;Dactylopodida_555392;Vexilliferidae_180225;Vexillifera_218659;Vexillifera	84.345
Cluster_387	Cnidaria_6073;Hydrozoa_6074;Leptothecata_500008;Aglaopheniidae_308582;Aglaophenia_308583;Aglaophenia	84.899
Cluster_388	Mollusca_6447;Gastropoda_6448;order_Pachychilidae_218531;Pachychilidae_218531;Sulcospira_576964;Sulcospira	81.333
Cluster_389	Discosea_555280;class_Longamoebia_1485168;Longamoebia_1485168;Acanthamoebidae_33677;Acanthamoeba_5754;Acanthamoeba	84.899
Cluster_390	Rhodophyta_2763;Florideophyceae_2806;Ceramiales_2802;Dasyaceae_35164;Heterosiphonia_94296;Heterosiphonia	80.000
Cluster_391	Arthropoda_6656;Insecta_50557;Hemiptera_7524;Cercopidae_30086;Simorhina_1777629;Simorhina	78.547
Cluster_393	phylum_Phaeophyceae_2870;Phaeophyceae_2870;Ectocarpales_2877;Chordariaceae_66220;Halothrix_133518;Halothrix	82.051
Cluster_394	Arthropoda_6656;Insecta_50557;Hemiptera_7524;Cercopidae_30086;Simorhina_1777629;Simorhina	84.328
Cluster_395	Arthropoda_6656;Insecta_50557;Hymenoptera_7399;Pamphiliidae_95274;Onycholyda_222792;Onycholyda	79.461
Cluster_396	Oomycota_4762;class_Saprolegniales_4763;Saprolegniales_4763;Saprolegniaceae_4764;Sommerstorffia_3126143;Sommerstorffia	82.653
Cluster_397	Bacillariophyta_2836;Mediophyceae_589449;Eupodiscales_33838;Parodontellaceae_2910914;Trieres_1529381;Trieres	86.139
Cluster_398	Arthropoda_6656;Insecta_50557;Diptera_7147;Chironomidae_7149;Diamesa_338156;Diamesa	81.887
Cluster_399	Oomycota_4762;class_Saprolegniales_4763;Saprolegniales_4763;Saprolegniaceae_4764;Achlya_4765;Achlya	83.729
Cluster_400	Arthropoda_6656;Insecta_50557;Diptera_7147;Phoridae_36164;Megaselia_36165;Megaselia	80.282
Cluster_402	Cnidaria_6073;Anthozoa_6101;Scleralcyonacea_3028851;Keratoisididae_2931962;Keratoisis_243285;Keratoisis	100.000
Cluster_403	phylum_Phaeophyceae_2870;Phaeophyceae_2870;Ectocarpales_2877;Chordariaceae_66220;Spermatochnus_329478;Spermatochnus	85.479
Cluster_404	Arthropoda_6656;Arachnida_6854;Araneae_6893;Leptonetidae_1002506;Leptoneta_1002517;Leptoneta	79.225
Cluster_405	Rhodophyta_2763;Florideophyceae_2806;Ceramiales_2802;Delesseriaceae_31386;Phrix_2021640;Phrix	79.853
Cluster_406	Arthropoda_6656;Malacostraca_6681;Euphausiacea_6816;Euphausiidae_6817;Hansarsia_3092283;Hansarsia	92.675
Cluster_407	Arthropoda_6656;Malacostraca_6681;Euphausiacea_6816;Euphausiidae_6817;Hansarsia_3092283;Hansarsia	99.678
Cluster_408	Arthropoda_6656;Malacostraca_6681;Euphausiacea_6816;Euphausiidae_6817;Hansarsia_3092283;Hansarsia	97.125
Cluster_409	Cnidaria_6073;Hydrozoa_6074;Leptothecata_500008;Campanulariidae_27800;Orthopyxis_314504;Orthopyxis	78.125
Cluster_410	phylum_Bigyra_2683628;Bigyra_2683628;Thraustochytrida_2699528;Thraustochytriidae_33674;Aurantiochytrium_420535;Aurantiochytrium	83.333
Cluster_411	Oomycota_4762;class_Pythiales_121069;Pythiales_121069;Pythiaceae_4782;Globisporangium_1448052;Globisporangium	84.407
Cluster_412	Arthropoda_6656;Arachnida_6854;Araneae_6893;Salticidae_94017;Phintella_243448;Phintella	81.818
Cluster_413	Oomycota_4762;class_Pythiales_121069;Pythiales_121069;Pythiaceae_4782;Phytopythium_795339;Phytopythium	85.522
Cluster_414	Bacillariophyta_2836;Bacillariophyceae_33849;Bacillariales_33851;Bacillariaceae_33852;Pseudo_nitzschia_41953;Pseudo_nitzschia	86.667
Cluster_415	Discosea_555280;class_Longamoebia_1485168;Longamoebia_1485168;Acanthamoebidae_33677;Acanthamoeba_5754;Acanthamoeba	86.230
Cluster_416	Ascomycota_4890;Eurotiomycetes_147545;Eurotiales_5042;Aspergillaceae_1131492;Penicillium_5073;Penicillium	95.730
Cluster_417	Ascomycota_4890;Dothideomycetes_147541;Cladosporiales_2726946;Cladosporiaceae_452563;Cladosporium_5498;Cladosporium	95.847
Cluster_421	Arthropoda_6656;Insecta_50557;Hymenoptera_7399;Braconidae_7402;Aphidius_37852;Aphidius	79.297
Cluster_422	Arthropoda_6656;Insecta_50557;Trichoptera_30263;Hydroptilidae_57995;Ptilocolepus_177599;Ptilocolepus	94.444
Cluster_423	Discosea_555280;class_Longamoebia_1485168;Longamoebia_1485168;Acanthamoebidae_33677;Acanthamoeba_5754;Acanthamoeba	85.000
Cluster_424	Basidiomycota_5204;Agaricomycetes_155619;Hymenochaetales_139380;Hirschioporaceae_3074113;Pallidohirschioporus_3074114;Pallidohirschioporus	80.365
Cluster_425	Cnidaria_6073;Hydrozoa_6074;Siphonophorae_42759;Prayidae_154960;Praya_168784;Praya	84.858
Cluster_426	phylum_Phaeophyceae_2870;Phaeophyceae_2870;Ectocarpales_2877;Ectocarpaceae_2878;Kuckuckia_43936;Kuckuckia	84.058
Cluster_427	Arthropoda_6656;Insecta_50557;Lepidoptera_7088;Pyralidae_7135;Ceroprepes_357107;Ceroprepes	80.212
Cluster_428	Mollusca_6447;Gastropoda_6448;Stylommatophora_6527;Bulimulidae_213563;Bulimulus_403792;Bulimulus	84.452
Cluster_429	Discosea_555280;class_Longamoebia_1485168;Longamoebia_1485168;Acanthamoebidae_33677;Acanthamoeba_5754;Acanthamoeba	83.274
Cluster_430	Oomycota_4762;class_Saprolegniales_4763;Saprolegniales_4763;Saprolegniaceae_4764;Sommerstorffia_3126143;Sommerstorffia	85.304
Cluster_431	Mollusca_6447;Gastropoda_6448;Stylommatophora_6527;Trochomorphidae_180085;Trochomorpha_145595;Trochomorpha	81.695
Cluster_432	Discosea_555280;Flabellinia_1485085;Dactylopodida_555392;Paramoebidae_200887;Korotnevella_200888;Korotnevella	81.973
Cluster_433	Nemertea_6217;Palaeonemertea_1684132;Archinemertea_2973474;Cephalotrichidae_166040;Cephalothrix_166041;Cephalothrix	81.270
Cluster_434	Oomycota_4762;class_Pythiales_121069;Pythiales_121069;Pythiaceae_4782;Globisporangium_1448052;Globisporangium	78.523
Cluster_435	Rhodophyta_2763;Bangiophyceae_2797;Bangiales_29216;Bangiaceae_31345;Pyropia_1094566;Pyropia	87.097
Cluster_436	Arthropoda_6656;Arachnida_6854;Araneae_6893;Macrothelidae_2822726;Macrothele_93712;Macrothele	81.884
Cluster_437	Discosea_555280;Flabellinia_1485085;Dactylopodida_555392;Paramoebidae_200887;Korotnevella_200888;Korotnevella	82.428
Cluster_438	Basidiomycota_5204;Agaricomycetes_155619;Agaricales_5338;Squamanitaceae_2976386;Floccularia_144547;Floccularia	82.540
Cluster_439	Rhodophyta_2763;Bangiophyceae_2797;Bangiales_29216;Bangiaceae_31345;Pyropia_1094566;Pyropia	81.034
Cluster_440	phylum_Dictyochophyceae_39119;Dictyochophyceae_39119;Pedinellales_35680;family_Pseudopedinella_35683;Pseudopedinella_35683;Pseudopedinella	86.275
Cluster_441	Cnidaria_6073;Hydrozoa_6074;Siphonophorae_42759;Agalmatidae_168757;Marrus_338245;Marrus	86.379
Cluster_442	Arthropoda_6656;Insecta_50557;Hymenoptera_7399;Apidae_7458;Bombus_28641;Bombus	78.571
Cluster_443	Discosea_555280;Flabellinia_1485085;Dactylopodida_555392;Vexilliferidae_180225;Pseudoparamoeba_229671;Pseudoparamoeba	80.573
Cluster_444	Oomycota_4762;class_Peronosporales_4776;Peronosporales_4776;Peronosporaceae_4777;Nothophytophthora_2025987;Nothophytophthora	80.272
Cluster_445	Oomycota_4762;class_Peronosporales_4776;Peronosporales_4776;Peronosporaceae_4777;Phytophthora_4783;Phytophthora	80.769
Cluster_446	Discosea_555280;Flabellinia_1485085;Dactylopodida_555392;Paramoebidae_200887;Korotnevella_200888;Korotnevella	81.529
Cluster_447	Cnidaria_6073;Hydrozoa_6074;Anthoathecata_406427;Corynidae_6077;Sarsia_6078;Sarsia	82.770
Cluster_448	Cnidaria_6073;Hydrozoa_6074;Anthoathecata_406427;Hydridae_6080;Hydra_6083;Hydra	82.060
Cluster_449	Discosea_555280;Flabellinia_1485085;Dactylopodida_555392;Paramoebidae_200887;Korotnevella_200888;Korotnevella	84.407
Cluster_450	Cnidaria_6073;Hydrozoa_6074;Anthoathecata_406427;Hydridae_6080;Hydra_6083;Hydra	82.781
Cluster_451	Arthropoda_6656;Arachnida_6854;Araneae_6893;Linyphiidae_81835;Ostearius_685695;Ostearius	78.014
Cluster_452	Cnidaria_6073;Hydrozoa_6074;Anthoathecata_406427;Hydridae_6080;Hydra_6083;Hydra	81.063
Cluster_453	Oomycota_4762;class_Pythiales_121069;Pythiales_121069;Pythiaceae_4782;Phytopythium_795339;Phytopythium	82.109
Cluster_454	Discosea_555280;Flabellinia_1485085;Dactylopodida_555392;Paramoebidae_200887;Korotnevella_200888;Korotnevella	83.279
Cluster_455	Basidiomycota_5204;Agaricomycetes_155619;Russulales_452342;Russulaceae_5401;Lactarius_34444;Lactarius	83.448
Cluster_456	phylum_Phaeophyceae_2870;Phaeophyceae_2870;Ectocarpales_2877;Chordariaceae_66220;Polycerea_3132812;Polycerea	82.639
Cluster_457	Arthropoda_6656;Insecta_50557;Lepidoptera_7088;Zygaenidae_115354;Zygaenoprocris_287193;Zygaenoprocris	80.741
Cluster_458	Arthropoda_6656;Insecta_50557;Diptera_7147;Phoridae_36164;Megaselia_36165;Megaselia	80.769
Cluster_459	Oomycota_4762;class_Peronosporales_4776;Peronosporales_4776;Peronosporaceae_4777;Nothophytophthora_2025987;Nothophytophthora	80.198
Cluster_460	Arthropoda_6656;Arachnida_6854;Araneae_6893;Mecysmaucheniidae_336679;Chilarchaea_1263278;Chilarchaea	81.206
Cluster_461	Rhodophyta_2763;Florideophyceae_2806;Ceramiales_2802;Delesseriaceae_31386;Yoshidaphycus_3163215;Yoshidaphycus	83.333
Cluster_462	Oomycota_4762;class_Saprolegniales_4763;Saprolegniales_4763;Saprolegniaceae_4764;Leptolegnia_92975;Leptolegnia	82.699
Cluster_463	Cnidaria_6073;Hydrozoa_6074;Siphonophorae_42759;Sphaeronectidae_168790;Sphaeronectes_168791;Sphaeronectes	90.809
Cluster_464	Discosea_555280;Flabellinia_1485085;Dactylopodida_555392;Paramoebidae_200887;Korotnevella_200888;Korotnevella	84.395
Cluster_465	Discosea_555280;Flabellinia_1485085;Dactylopodida_555392;Paramoebidae_200887;Korotnevella_200888;Korotnevella	85.522
Cluster_466	Discosea_555280;Flabellinia_1485085;Dactylopodida_555392;Paramoebidae_200887;Korotnevella_200888;Korotnevella	84.848
Cluster_467	Arthropoda_6656;Arachnida_6854;Araneae_6893;Araneidae_6913;Micrathena_473147;Micrathena	80.169
Cluster_468	Arthropoda_6656;Arachnida_6854;Araneae_6893;Desidae_134570;Badumna_134571;Badumna	81.625
Cluster_469	Cnidaria_6073;Anthozoa_6101;Scleractinia_6125;Astrocoeniidae_130189;Stylocoeniella_293311;Stylocoeniella	82.796
Cluster_470	Oomycota_4762;class_Saprolegniales_4763;Saprolegniales_4763;Saprolegniaceae_4764;Aphanomyces_100860;Aphanomyces	83.045
Cluster_471	Mollusca_6447;Gastropoda_6448;order_Planorbidae_6524;Planorbidae_6524;Bulinus_157969;Bulinus	78.425
Cluster_472	Mollusca_6447;Gastropoda_6448;order_Planorbidae_6524;Planorbidae_6524;Biomphalaria_6525;Biomphalaria	82.770
Cluster_473	Cnidaria_6073;Hydrozoa_6074;Leptothecata_500008;Sertulariidae_86619;Hydrallmania_308601;Hydrallmania	82.079
Cluster_474	Oomycota_4762;class_Saprolegniales_4763;Saprolegniales_4763;Saprolegniaceae_4764;Saprolegnia_4769;Saprolegnia	82.492
Cluster_475	Oomycota_4762;class_Peronosporales_4776;Peronosporales_4776;Peronosporaceae_4777;Phytophthora_4783;Phytophthora	79.537
Cluster_476	Arthropoda_6656;Insecta_50557;Diptera_7147;Chironomidae_7149;Shilovia_2045254;Shilovia	77.558
Cluster_477	Oomycota_4762;class_Peronosporales_4776;Peronosporales_4776;Peronosporaceae_4777;Nothophytophthora_2025987;Nothophytophthora	83.168
Cluster_478	phylum_Phaeophyceae_2870;Phaeophyceae_2870;Ectocarpales_2877;Chordariaceae_66220;Stilophora_1535335;Stilophora	79.932
Cluster_480	Annelida_6340;Clitellata_42113;Hirudinida_2218736;Americobdellidae_251235;Americobdella_251236;Americobdella	82.192
Cluster_481	Ascomycota_4890;Sordariomycetes_147550;Glomerellales_1028384;Plectosphaerellaceae_1033978;Verticillium_1036719;Verticillium	86.319
Cluster_482	Oomycota_4762;class_Saprolegniales_4763;Saprolegniales_4763;Saprolegniaceae_4764;Sommerstorffia_3126143;Sommerstorffia	83.273
Cluster_483	Oomycota_4762;class_Pythiales_121069;Pythiales_121069;Pythiaceae_4782;Pythium_4797;Pythium	77.483
Cluster_484	Arthropoda_6656;Arachnida_6854;Araneae_6893;Zodariidae_320584;Zodarion_700700;Zodarion	80.399
Cluster_485	Bacillariophyta_2836;Mediophyceae_589449;Lithodesmiales_420271;Lithodesmiaceae_49247;Lithodesmium_59811;Lithodesmium	80.936
Cluster_486	Rhodophyta_2763;Florideophyceae_2806;Ceramiales_2802;Rhodomelaceae_2803;Symphyocladiella_2506476;Symphyocladiella	83.442
Cluster_487	Oomycota_4762;class_Peronosporales_4776;Peronosporales_4776;Peronosporaceae_4777;Peronospora_70742;Peronospora	80.000
Cluster_488	Oomycota_4762;class_Peronosporales_4776;Peronosporales_4776;Peronosporaceae_4777;Phytophthora_4783;Phytophthora	80.952
Cluster_489	Discosea_555280;class_Longamoebia_1485168;Longamoebia_1485168;Acanthamoebidae_33677;Acanthamoeba_5754;Acanthamoeba	80.936
Cluster_490	Arthropoda_6656;Insecta_50557;Lepidoptera_7088;Crambidae_268499;Evergestis_687091;Evergestis	82.026
Cluster_491	Mollusca_6447;Gastropoda_6448;Neogastropoda_6479;Buccinidae_37796;Penion_128481;Penion	81.061
Cluster_492	Rhodophyta_2763;Florideophyceae_2806;Ceramiales_2802;Rhodomelaceae_2803;Eutrichosiphonia_2566701;Eutrichosiphonia	81.081
Cluster_493	Rhodophyta_2763;Florideophyceae_2806;Ceramiales_2802;Rhodomelaceae_2803;Herposiphonia_717901;Herposiphonia	78.369
Cluster_494	Rhodophyta_2763;Florideophyceae_2806;Ceramiales_2802;Dasyaceae_35164;Dasya_35165;Dasya	83.784
Cluster_495	Discosea_555280;Flabellinia_1485085;Dactylopodida_555392;Paramoebidae_200887;Cunea_1654807;Cunea	82.085
Cluster_496	Arthropoda_6656;Insecta_50557;Lepidoptera_7088;Geometridae_82593;Ithysia_704764;Ithysia	80.634
Cluster_497	Arthropoda_6656;Arachnida_6854;Mesostigmata_34634;Laelapidae_48831;Laelaps_797477;Laelaps	82.117
Cluster_498	Oomycota_4762;class_Saprolegniales_4763;Saprolegniales_4763;Saprolegniaceae_4764;Achlya_4765;Achlya	83.553
Cluster_499	phylum_Raphidophyceae_38410;Raphidophyceae_38410;Chattonellales_658125;Chattonellaceae_658124;Chattonella_44439;Chattonella	83.121
Cluster_500	Bacillariophyta_2836;Mediophyceae_589449;Lithodesmiales_420271;Lithodesmiaceae_49247;Lithodesmium_59811;Lithodesmium	81.879
Cluster_501	Arthropoda_6656;Arachnida_6854;Araneae_6893;Dictynidae_134565;Nigma_1907100;Nigma	82.624
Cluster_502	Oomycota_4762;class_Pythiales_121069;Pythiales_121069;Pythiaceae_4782;Phytopythium_795339;Phytopythium	78.819
Cluster_503	Arthropoda_6656;Malacostraca_6681;Decapoda_6683;Portunidae_6757;Cronius_600337;Cronius	81.857
Cluster_504	Oomycota_4762;class_Peronosporales_4776;Peronosporales_4776;Peronosporaceae_4777;Phytophthora_4783;Phytophthora	81.667
Cluster_505	Arthropoda_6656;Arachnida_6854;Araneae_6893;Salticidae_94017;Kelawakaju_3042499;Kelawakaju	79.000
Cluster_506	Arthropoda_6656;Insecta_50557;Lepidoptera_7088;Noctuidae_7100;Anicla_56371;Anicla	78.092
Cluster_508	Basidiomycota_5204;Agaricomycetes_155619;Gomphales_452336;Gomphaceae_60108;Turbinellus_288425;Turbinellus	78.498
Cluster_510	Mollusca_6447;Bivalvia_6544;Venerida_6580;Vesicomyidae_6588;Abyssogena_1181305;Abyssogena	100.000
Cluster_511	Arthropoda_6656;Insecta_50557;Coleoptera_7041;Coccinellidae_7080;Stethorus_420098;Stethorus	80.000
Cluster_512	Arthropoda_6656;Insecta_50557;Hymenoptera_7399;Crabronidae_253718;Belomicrus_421362;Belomicrus	80.986
Cluster_513	Oomycota_4762;class_Pythiales_121069;Pythiales_121069;Pythiaceae_4782;Pythium_4797;Pythium	80.198
Cluster_514	Arthropoda_6656;Insecta_50557;Diptera_7147;Chironomidae_7149;Orthocladius_288845;Orthocladius	77.580
Cluster_515	Arthropoda_6656;Insecta_50557;Diptera_7147;Culicidae_7157;Anopheles_7164;Anopheles	83.448
Cluster_516	Rhodophyta_2763;Florideophyceae_2806;Corallinales_31395;Corallinaceae_31396;Jania_31397;Jania	82.492
Cluster_517	Ascomycota_4890;Dothideomycetes_147541;Dothideales_5014;Saccotheciaceae_1570301;Aureobasidium_5579;Aureobasidium	92.233
Cluster_518	Oomycota_4762;class_Pythiales_121069;Pythiales_121069;Pythiogetonaceae_944612;Pythiogeton_944615;Pythiogeton	83.158
Cluster_519	Arthropoda_6656;Arachnida_6854;Araneae_6893;Lycosidae_74973;Trochosa_74991;Trochosa	84.672
Cluster_520	Rhodophyta_2763;Florideophyceae_2806;Ceramiales_2802;Dasyaceae_35164;Dasya_35165;Dasya	85.574
Cluster_521	Arthropoda_6656;Arachnida_6854;Araneae_6893;Linyphiidae_81835;Asperthorax_932984;Asperthorax	77.544
Cluster_522	Cnidaria_6073;Hydrozoa_6074;Leptothecata_500008;Campanulariidae_27800;Eucheilota_314526;Eucheilota	82.609
Cluster_523	Arthropoda_6656;Insecta_50557;Diptera_7147;Tephritidae_7211;Campiglossa_381350;Campiglossa	86.170
Cluster_524	Discosea_555280;class_Himatismenida_313555;Himatismenida_313555;Cochliopodiidae_313556;Ovalopodium_1027631;Ovalopodium	85.032
Cluster_525	Discosea_555280;Flabellinia_1485085;order_Vannellidae_95227;Vannellidae_95227;Clydonella_218657;Clydonella	84.091
Cluster_526	Hemichordata_10219;Enteropneusta_10220;order_Harrimaniidae_10221;Harrimaniidae_10221;Meioglossus_1258549;Meioglossus	83.013
Cluster_527	Discosea_555280;class_Longamoebia_1485168;Longamoebia_1485168;Acanthamoebidae_33677;Acanthamoeba_5754;Acanthamoeba	85.185
Cluster_528	Arthropoda_6656;Insecta_50557;Hymenoptera_7399;Tenthredinidae_27532;Ametastegia_655805;Ametastegia	86.885
Cluster_529	phylum_Phaeophyceae_2870;Phaeophyceae_2870;Dictyotales_2873;Dictyotaceae_2874;Dictyota_2875;Dictyota	83.987
Cluster_530	Arthropoda_6656;Insecta_50557;Coleoptera_7041;Silphidae_57514;Thanatophilus_347474;Thanatophilus	76.087
Cluster_531	Cnidaria_6073;Hydrozoa_6074;Leptothecata_500008;Haleciidae_308586;Halecium_308587;Halecium	79.195
Cluster_532	Oomycota_4762;class_Saprolegniales_4763;Saprolegniales_4763;Saprolegniaceae_4764;Achlya_4765;Achlya	84.127
Cluster_533	Arthropoda_6656;Arachnida_6854;Sarcoptiformes_83137;Chamobatidae_198259;Chamobates_198260;Chamobates	76.923
Cluster_534	Arthropoda_6656;Insecta_50557;Diptera_7147;Cylindrotomidae_702680;Triogma_2715159;Triogma	83.696
Cluster_535	Arthropoda_6656;Insecta_50557;Hymenoptera_7399;Megachilidae_124286;Pseudoanthidium_1004237;Pseudoanthidium	77.978
Cluster_536	phylum_Eustigmatophyceae_5747;Eustigmatophyceae_5747;Eustigmatales_425074;Monodopsidaceae_425072;Nannochloropsis_5748;Nannochloropsis	90.816
Cluster_537	Rhodophyta_2763;Florideophyceae_2806;Ceramiales_2802;Dasyaceae_35164;Dasya_35165;Dasya	81.206
Cluster_538	Arthropoda_6656;Insecta_50557;Hymenoptera_7399;Agaonidae_75187;Ceratosolen_84507;Ceratosolen	80.889
Cluster_539	Mollusca_6447;Gastropoda_6448;Neogastropoda_6479;Columbellidae_74056;Pyreneola_2917861;Pyreneola	77.817
Cluster_540	Arthropoda_6656;Insecta_50557;Lepidoptera_7088;Noctuidae_7100;Lithophane_56391;Lithophane	80.702
Cluster_541	Tubulinea_555369;Elardia_2681632;Euamoebida_180229;family_Copromyxa_931553;Copromyxa_931553;Copromyxa	86.738
Cluster_543	Porifera_6040;Demospongiae_6042;Tethyida_1779163;Timeidae_269157;Timea_269051;Timea	78.247
Cluster_544	Cnidaria_6073;Hydrozoa_6074;Siphonophorae_42759;Prayidae_154960;Amphicaryon_645366;Amphicaryon	93.949
Cluster_545	Mollusca_6447;Gastropoda_6448;Stylommatophora_6527;Camaenidae_83226;Camaena_234975;Camaena	80.124
Cluster_546	phylum_Bigyra_2683628;Bigyra_2683628;Thraustochytrida_2699528;Thraustochytriidae_33674;Mucochytrium_3032531;Mucochytrium	80.952
Cluster_547	Basidiomycota_5204;Agaricomycetes_155619;Agaricales_5338;Pleurotaceae_104366;Pleurotus_5320;Pleurotus	81.053
Cluster_548	Arthropoda_6656;Arachnida_6854;Araneae_6893;Linyphiidae_81835;Orsonwelles_187196;Orsonwelles	81.560
Cluster_549	Oomycota_4762;class_Peronosporales_4776;Peronosporales_4776;Peronosporaceae_4777;Nothophytophthora_2025987;Nothophytophthora	81.786
Cluster_550	Cnidaria_6073;Hydrozoa_6074;Anthoathecata_406427;Corynidae_6077;Sarsia_6078;Sarsia	75.089
Cluster_551	Oomycota_4762;class_Saprolegniales_4763;Saprolegniales_4763;Saprolegniaceae_4764;Saprolegnia_4769;Saprolegnia	81.720
Cluster_552	phylum_Phaeophyceae_2870;Phaeophyceae_2870;Tilopteridales_86882;Phyllariaceae_130732;Saccorhiza_45364;Saccorhiza	80.851
Cluster_553	Oomycota_4762;class_Saprolegniales_4763;Saprolegniales_4763;Saprolegniaceae_4764;Achlya_4765;Achlya	79.599
Cluster_554	Arthropoda_6656;Malacostraca_6681;Amphipoda_6821;Pontogeneiidae_1109126;Awacaris_1835318;Awacaris	83.916
Cluster_555	phylum_Chrysophyceae_2825;Chrysophyceae_2825;Chromulinales_96792;Dinobryaceae_704141;Poteriospumella_1117026;Poteriospumella	82.492
Cluster_556	Oomycota_4762;class_Peronosporales_4776;Peronosporales_4776;Peronosporaceae_4777;Phytophthora_4783;Phytophthora	78.261
Cluster_557	Arthropoda_6656;Arachnida_6854;Araneae_6893;Palpimanidae_336672;Palpimanus_1263274;Palpimanus	76.786
Cluster_558	Ascomycota_4890;Dothideomycetes_147541;Dothideales_5014;Dothioraceae_64899;Sydowia_64497;Sydowia	86.184
Cluster_562	Oomycota_4762;class_Pythiales_121069;Pythiales_121069;Pythiaceae_4782;Phytopythium_795339;Phytopythium	86.102
Cluster_563	Discosea_555280;class_Himatismenida_313555;Himatismenida_313555;Cochliopodiidae_313556;Cochliopodium_313557;Cochliopodium	82.215
Cluster_566	Arthropoda_6656;Insecta_50557;Hymenoptera_7399;Colletidae_156309;Colletes_156310;Colletes	78.261
Cluster_567	Oomycota_4762;class_Peronosporales_4776;Peronosporales_4776;Peronosporaceae_4777;Phytophthora_4783;Phytophthora	85.417
Cluster_568	Basidiomycota_5204;Agaricomycetes_155619;Agaricales_5338;Psathyrellaceae_184208;Candolleomyces_2791032;Candolleomyces	80.556
Cluster_569	Arthropoda_6656;Arachnida_6854;Araneae_6893;Oxyopidae_93704;Peucetia_593450;Peucetia	81.008
Cluster_571	Oomycota_4762;class_Saprolegniales_4763;Saprolegniales_4763;Saprolegniaceae_4764;Aphanomyces_100860;Aphanomyces	82.295
Cluster_573	Cnidaria_6073;Hydrozoa_6074;Leptothecata_500008;Plumulariidae_308572;Plumularia_308573;Plumularia	77.852
Cluster_574	Arthropoda_6656;Hexanauplia_72037;Calanoida_6833;Calanidae_6835;Undinula_184746;Undinula	80.195
Cluster_575	Discosea_555280;Flabellinia_1485085;Dactylopodida_555392;Paramoebidae_200887;Paramoeba_200890;Paramoeba	85.321
Cluster_576	Arthropoda_6656;Malacostraca_6681;Amphipoda_6821;Allocrangonyctidae_1041812;Pseudoniphargus_1041813;Pseudoniphargus	74.386
Cluster_577	Arthropoda_6656;Insecta_50557;Hymenoptera_7399;Braconidae_7402;Dolichogenidea_92997;Dolichogenidea	79.286
Cluster_578	phylum_Phaeophyceae_2870;Phaeophyceae_2870;Ralfsiales_891380;Neoralfsiaceae_1390216;Neoralfsia_1390217;Neoralfsia	80.069
Cluster_580	Arthropoda_6656;Malacostraca_6681;Decapoda_6683;Cambaridae_6725;Procambarus_6726;Procambarus	78.136
Cluster_583	Ascomycota_4890;Eurotiomycetes_147545;Chaetothyriales_34395;Herpotrichiellaceae_43219;Cladophialophora_82105;Cladophialophora	86.184
Cluster_584	Mollusca_6447;Bivalvia_6544;Mytilida_6546;Mytilidae_6547;Brachidontes_40253;Brachidontes	81.053
Cluster_587	phylum_Chrysophyceae_2825;Chrysophyceae_2825;Chromulinales_96792;Dinobryaceae_704141;Dinobryon_98059;Dinobryon	75.182
Cluster_588	Arthropoda_6656;Arachnida_6854;Araneae_6893;Linyphiidae_81835;Neriene_187179;Neriene	80.292
Cluster_589	Chordata_7711;Actinopteri_186623;Aulopiformes_68510;Synodontidae_81390;Saurida_143309;Saurida	81.119
Cluster_590	Oomycota_4762;class_Pythiales_121069;Pythiales_121069;Pythiaceae_4782;Halophytophthora_127445;Halophytophthora	80.623
Cluster_591	Arthropoda_6656;Arachnida_6854;Araneae_6893;Linyphiidae_81835;Parameioneta_933009;Parameioneta	79.874
Cluster_592	Arthropoda_6656;Arachnida_6854;Araneae_6893;Sparassidae_152923;Heteropoda_152924;Heteropoda	75.085
Cluster_593	Arthropoda_6656;Insecta_50557;Hymenoptera_7399;Braconidae_7402;Meteorus_51521;Meteorus	87.500
Cluster_594	phylum_Dinophyceae_2864;Dinophyceae_2864;Peridiniales_2910;Ostreopsidaceae_58154;Centrodinium_2282856;Centrodinium	88.608
Cluster_595	phylum_Dinophyceae_2864;Dinophyceae_2864;Gymnodiniales_2953;Gymnodiniaceae_66801;Margalefidinium_2315349;Margalefidinium	97.161
Cluster_598	Chordata_7711;Actinopteri_186623;Gobiiformes_1489878;Gobiidae_8220;Bathygobius_163631;Bathygobius	100.000
Cluster_599	phylum_Phaeophyceae_2870;Phaeophyceae_2870;Dictyotales_2873;Dictyotaceae_2874;Dictyotopsis_670094;Dictyotopsis	80.496
Cluster_600	Oomycota_4762;class_Pythiales_121069;Pythiales_121069;Pythiaceae_4782;Pythium_4797;Pythium	80.272
Cluster_601	Mollusca_6447;Gastropoda_6448;Ellobiida_2340871;Ellobiidae_69683;Carychium_145634;Carychium	79.787
Cluster_602	Gastrotricha_33313;class_Chaetonotida_41320;Chaetonotida_41320;Chaetonotidae_41372;Chaetonotus_68038;Chaetonotus	84.175
Cluster_604	Cnidaria_6073;Hydrozoa_6074;Anthoathecata_406427;Hydractiniidae_6094;Schuchertinia_1262061;Schuchertinia	76.680
Cluster_605	Cnidaria_6073;Hydrozoa_6074;Siphonophorae_42759;Prayidae_154960;Amphicaryon_645366;Amphicaryon	77.652
Cluster_607	Mollusca_6447;Gastropoda_6448;order_Ancylidae_191785;Ancylidae_191785;Ferrissia_191786;Ferrissia	76.015
Cluster_608	Arthropoda_6656;Insecta_50557;Lepidoptera_7088;Hesperiidae_40093;Lindra_509525;Lindra	85.185
Cluster_609	Cnidaria_6073;Hydrozoa_6074;Siphonophorae_42759;Prayidae_154960;Amphicaryon_645366;Amphicaryon	74.906
Cluster_610	Mollusca_6447;Gastropoda_6448;Neogastropoda_6479;Clathurellidae_1077931;Lienardia_473515;Lienardia	84.810
Cluster_611	Arthropoda_6656;Arachnida_6854;Araneae_6893;Linyphiidae_81835;Lophomma_1660008;Lophomma	86.567
Cluster_612	Chordata_7711;Mammalia_40674;Primates_9443;Pitheciidae_376919;Callicebus_9522;Callicebus	81.618
Cluster_613	Oomycota_4762;class_Lagenidiales_4800;Lagenidiales_4800;family_Paralagenidium_1440114;Paralagenidium_1440114;Paralagenidium	84.000
Cluster_614	Arthropoda_6656;Arachnida_6854;Scorpiones_6855;Buthidae_6856;Hottentotta_6862;Hottentotta	80.212
Cluster_615	Mollusca_6447;Gastropoda_6448;order_Lymnaeidae_6521;Lymnaeidae_6521;Radix_55689;Radix	74.510
Cluster_616	Oomycota_4762;class_Leptomitales_92979;Leptomitales_92979;family_Apodachlya_92980;Apodachlya_92980;Apodachlya	80.135
Cluster_618	Arthropoda_6656;Insecta_50557;Diptera_7147;Asilidae_50673;Proctacanthus_247602;Proctacanthus	75.090
Cluster_619	Arthropoda_6656;Insecta_50557;Hymenoptera_7399;Chrysididae_27511;Chrysis_92417;Chrysis	87.013
Cluster_622	phylum_Bigyra_2683628;Bigyra_2683628;Thraustochytrida_2699528;Thraustochytriidae_33674;Aurantiochytrium_420535;Aurantiochytrium	78.030
Cluster_623	Basidiomycota_5204;Tremellomycetes_155616;Tremellales_5234;Tremellaceae_5215;Tremella_105767;Tremella	74.740
Cluster_624	Annelida_6340;Polychaeta_6341;Echiuroidea_41798;Thalassematidae_2589731;Listriolobus_61849;Listriolobus	76.451
Cluster_626	Annelida_6340;Clitellata_42113;Hirudinida_2218736;Haemadipsidae_27387;Chtonobdella_60942;Chtonobdella	79.464
Cluster_627	Arthropoda_6656;Insecta_50557;Diptera_7147;Ceratopogonidae_41819;Serromyia_209716;Serromyia	97.297
Cluster_629	Cnidaria_6073;Hydrozoa_6074;Leptothecata_500008;Aglaopheniidae_308582;Monoserius_2203293;Monoserius	77.333
Cluster_652	Annelida_6340;Polychaeta_6341;Eunicida_65495;Dorvilleidae_160440;Palpiphitime_864300;Palpiphitime	80.645
Cluster_653	Arthropoda_6656;Insecta_50557;Hymenoptera_7399;Crabronidae_253718;Bembix_288406;Bembix	90.000
Cluster_657	Mollusca_6447;Gastropoda_6448;order_Lymnaeidae_6521;Lymnaeidae_6521;Radix_55689;Radix	79.825
Cluster_661	Arthropoda_6656;Insecta_50557;Diptera_7147;Culicidae_7157;Aedes_7158;Aedes	78.595
Cluster_663	Oomycota_4762;class_Lagenidiales_4800;Lagenidiales_4800;Lagenidiaceae_4801;Lagenidium_4802;Lagenidium	79.915
Cluster_665	Arthropoda_6656;Hexanauplia_72037;Cyclopoida_84308;Oithonidae_136189;Oithona_136190;Oithona	100.000
Cluster_668	Ciliophora_5878;Spirotrichea_33829;Euplotida_33831;Uronychiidae_100129;Diophrys_132686;Diophrys	79.825
Cluster_672	Rotifera_10190;Eurotatoria_2816136;Flosculariaceae_2517309;Flosculariidae_104789;Limnias_1611855;Limnias	78.761
Cluster_673	Arthropoda_6656;Arachnida_6854;Ixodida_6935;Ixodidae_6939;Hyalomma_34625;Hyalomma	80.899
Cluster_674	Mollusca_6447;Gastropoda_6448;Neogastropoda_6479;Turbinellidae_57615;Tudivasum_2259122;Tudivasum	86.667
Cluster_686	Oomycota_4762;class_Peronosporales_4776;Peronosporales_4776;Peronosporaceae_4777;Phytophthora_4783;Phytophthora	86.532
